period,address,unit,area,building_type,work_type,value,lat,lng,permit_no
2026-07,487 Concession Street,,Hamilton,Office Building / Doctor's Office / Bank,Alteration / Renovation / Repair,30000,43.24187,-79.85458,NR-2026-00926
2026-07,101 Osler Drive,,Dundas,Office Building / Doctor's Office / Bank,Alteration / Renovation / Repair,700000,43.25951,-79.94338,NR-2026-01602
2026-07,700 Woodward Avenue,,Hamilton,Laboratory / Research Center / Medical Research Center,Alteration / Renovation / Repair,4350000,43.25276,-79.77366,26-101093
2026-07,855 Industrial Drive,,Hamilton,Office Building / Doctor's Office / Bank,Demolition,146,43.26458,-79.82532,NR-2026-01594
2026-07,25 Main Street West,,Hamilton,Office Building / Doctor's Office / Bank,Alteration / Renovation / Repair,150000,43.25549,-79.87095,NR-2026-01014
2026-07,1 James Street North,,Hamilton,Laboratory / Research Center / Medical Research Center,Alteration / Renovation / Repair,10000,43.25721,-79.86918,NR-2026-01620
2026-07,850 King Street East,,Hamilton,Office Building / Doctor's Office / Bank,Demolition,107000,43.2512,-79.84074,NR-2026-02280
2026-07,33 Main Street East,,Hamilton,Office Building / Doctor's Office / Bank,Alteration / Renovation / Repair,35000,43.25515,-79.86808,NR-2026-01311
2026-07,64 Hatt Street,,Dundas,Office Building / Doctor's Office / Bank,Alteration / Renovation / Repair,30000,43.26507,-79.95822,NR-2026-01444
2026-07,178 Nebo Road,,Hamilton,Office Building / Doctor's Office / Bank,Alteration / Renovation / Repair,750000,43.19392,-79.83762,NR-2026-01090
2026-06,1038 Garner Road West,,Ancaster,Office Building / Doctor's Office / Bank,Alteration / Renovation / Repair,150000,43.19611,-80.0144,26-100608
2026-06,875 Upper Wentworth Street,,Hamilton,Office Building / Doctor's Office / Bank,Alteration / Renovation / Repair,120000,43.22097,-79.86232,NR-2026-01127
2026-06,540 Upper James Street,,Hamilton,Office Building / Doctor's Office / Bank,Alteration / Renovation / Repair,500000,43.24128,-79.87657,26-100372
2026-06,90 Bay Street North,,Hamilton,Office Building / Doctor's Office / Bank,Alteration / Renovation / Repair,75000,43.26065,-79.87247,NR-2026-00354
2026-06,139 Upper Centennial Parkway,,Stoney Creek,Office Building / Doctor's Office / Bank,Alteration / Renovation / Repair,50000,43.18273,-79.77332,NR-2026-00664
2026-06,270 Longwood Road South,,Hamilton,Laboratory / Research Center / Medical Research Center,Alteration / Renovation / Repair,20000,43.25461,-79.90266,NR-2026-00150
2026-06,92 Stapleton Avenue,,Hamilton,Office Building / Doctor's Office / Bank,Alteration / Renovation / Repair,10000,43.25569,-79.80439,23T-316719
2026-06,1280 Main Street West,,Hamilton,Office Building / Doctor's Office / Bank,Alteration / Renovation / Repair,150000,43.25857,-79.91924,NR-2026-01017
2026-06,970 South Service Road,,Stoney Creek,Office Building / Doctor's Office / Bank,Alteration / Renovation / Repair,500000,43.22393,-79.66825,NR-2026-00755
2026-06,830 Upper James Street,,Hamilton,Office Building / Doctor's Office / Bank,Alteration / Renovation / Repair,50000,43.22833,-79.88252,26-101090
2026-06,1038 Garner Road West,,Ancaster,Office Building / Doctor's Office / Bank,Alteration / Renovation / Repair,10000,43.19611,-80.0144,NR-2026-00819
2026-06,64 Hatt Street,,Dundas,Office Building / Doctor's Office / Bank,Alteration / Renovation / Repair,10000,43.26507,-79.95822,NR-2026-00670
2026-06,420 Garner Road West,,Ancaster,Office Building / Doctor's Office / Bank,Demolition,15000,43.19822,-80.00134,25-104773
2026-06,3270 Westbrook Road,,Glanbrook,Animal Hospital / Greenhouse,New Construction,80000,43.09762,-79.73477,24T-0487
2026-06,304 Dundas Street East,,Flamborough,Office Building / Doctor's Office / Bank,Alteration / Renovation / Repair,100000,43.33288,-79.89299,NR-2026-00977
2026-06,420 Garner Road West,,Ancaster,Office Building / Doctor's Office / Bank,Demolition,15000,43.19822,-80.00134,25-104768
2026-06,35 Stone Church Road,,Ancaster,Office Building / Doctor's Office / Bank,Alteration / Renovation / Repair,550000,43.22749,-79.93604,26-100602
2026-06,121 Hatt Street,,Dundas,Office Building / Doctor's Office / Bank,Alteration / Renovation / Repair,120000,43.26618,-79.95928,NR-2026-00709
2026-06,65 Green Mountain Road West,,Stoney Creek,Office Building / Doctor's Office / Bank,New Construction,800000,43.20048,-79.77278,26-100514
2026-05,1205 Rymal Road East,,Hamilton,Office Building / Doctor's Office / Bank,Alteration / Renovation / Repair,100000,43.18996,-79.83968,26-100590
2026-05,5506 Chippewa Road East,,Glanbrook,Animal Hospital / Greenhouse,New Construction,375000,43.12031,-79.86677,26-100378
2026-05,200 Longwood Road South,,Hamilton,Office Building / Doctor's Office / Bank,Alteration / Renovation / Repair,500000,43.25572,-79.90231,26-101125
2026-05,5506 Chippewa Road East,,Glanbrook,Animal Hospital / Greenhouse,New Construction,375000,43.12031,-79.86677,26-100383
2026-05,255 Dundas Street East,,Flamborough,Office Building / Doctor's Office / Bank,Alteration / Renovation / Repair,9500,43.33022,-79.89711,NR-2026-00439
2026-05,45 Main Street East,,Hamilton,Office Building / Doctor's Office / Bank,Alteration / Renovation / Repair,2200000,43.25505,-79.8674,26-100550
2026-05,5506 Chippewa Road East,,Glanbrook,Animal Hospital / Greenhouse,New Construction,375000,43.12031,-79.86677,26-100380
2026-05,5506 Chippewa Road East,,Glanbrook,Animal Hospital / Greenhouse,New Construction,375000,43.12031,-79.86677,24T-4817
2026-05,44 Hughson Street North,,Hamilton,Office Building / Doctor's Office / Bank,Alteration / Renovation / Repair,5000,43.25739,-79.86712,26-100734
2026-05,698 King Street East,,Hamilton,Office Building / Doctor's Office / Bank,Demolition,87484,43.25161,-79.84785,NR-2026-00831
2026-05,288 Dundas Street East,,Flamborough,Office Building / Doctor's Office / Bank,Alteration / Renovation / Repair,8000,43.33165,-79.89434,26-101078
2026-05,2668 Binbrook Road,,Glanbrook,Office Building / Doctor's Office / Bank,Alteration / Renovation / Repair,250000,43.1209,-79.80388,NR-2026-00266
2026-05,2205 Concession 5 West,,Flamborough,Animal Hospital / Greenhouse,New Construction,185600,43.29978,-80.18343,26-100333
2026-05,380 Concession 6 East,,Flamborough,Animal Hospital / Greenhouse,Addition,600000,43.3665,-79.9255,26-100279
2026-05,1266 South Service Road,,Stoney Creek,Office Building / Doctor's Office / Bank,Change of Use,1500,43.21853,-79.64735,CU-2026-00498
2026-05,29 Harriet Street,,Hamilton,Office Building / Doctor's Office / Bank,Demolition,,43.26393,-79.8745,26-101036 (1)
2026-04,35 Stone Church Road,,Ancaster,Office Building / Doctor's Office / Bank,Alteration / Renovation / Repair,500000,43.22749,-79.93604,26-100823
2026-04,210 Mohawk Road East,,Hamilton,Office Building / Doctor's Office / Bank,Alteration / Renovation / Repair,200000,43.22561,-79.87151,26-100775
2026-04,247 Centennial Parkway North,,Hamilton,Office Building / Doctor's Office / Bank,Alteration / Renovation / Repair,35000,43.23776,-79.76137,26-100679
2026-04,1047 King Street West,,Hamilton,Office Building / Doctor's Office / Bank,Alteration / Renovation / Repair,30000,43.26126,-79.90689,26-100828
2026-04,395 Lewis Road,,Stoney Creek,Office Building / Doctor's Office / Bank,Alteration / Renovation / Repair,100000,43.22065,-79.65699,25-104626-01
2026-04,1558 King Street East,,Hamilton,Office Building / Doctor's Office / Bank,Alteration / Renovation / Repair,10000,43.23611,-79.81879,26-100198
2026-04,29 Harriet Street,,Hamilton,Office Building / Doctor's Office / Bank,Demolition,,43.26393,-79.8745,26-101036
2026-04,610 Beach Road,,Hamilton,Office Building / Doctor's Office / Bank,Protective Plumbing Improvements,5000,43.25556,-79.79872,26-100784
2026-03,183 Longwood Road South,,Hamilton,Laboratory - Industrial,Alteration,25000,43.25601,-79.9011,26-100614 I3
2026-03,20 Myler Street,,Hamilton,Laboratory - Industrial,Alteration,250000,43.25948,-79.84143,25-104624 I3
2026-03,56 Governor's Road,,Dundas,Nursing Homes,Alteration,2000,43.26185,-79.95782,26-100297 G3
2026-02,414 Victoria Avenue North,,Hamilton,Medical Offices,Alteration,150000,43.26528,-79.85048,25-104616 C3
2026-02,1390 Burlington Street East,,Hamilton,Laboratory - Commercial,Alteration,150000,43.25844,-79.80703,26-100212 C3
2026-02,1390 Burlington Street East,,Hamilton,Laboratory - Commercial,Addition (NR),14000000,43.25844,-79.80703,26-100147 I3
2026-01,270 Longwood Road South,,Hamilton,Laboratory - Commercial,Alteration,40000,43.25461,-79.90266,25-104027 I3
2025-12,1040 Garner Road West,,Ancaster,Laboratory - Commercial,Alteration,120000,43.1956,-80.01418,25-104410 C3
2025-12,184 Highway No. 8,,Stoney Creek,Medical Offices,Alteration,250000,43.22224,-79.74168,25-103458 C3
2025-12,1390 Burlington Street East,,Hamilton,Laboratory - Commercial,Alteration,100000,43.25844,-79.80703,25-104404 C3
2025-12,34 King Street East,,Stoney Creek,Dental Offices,Alteration,100000,43.2165,-79.75675,25-104460 C9
2025-12,188 Barton Street,,Stoney Creek,Dental Offices,Alteration,100000,43.23168,-79.73786,25-103343 C3
2025-12,370 Main Street East,,Hamilton,Dental Offices,Alteration,,43.25137,-79.85521,25-102105-01 C3
2025-12,910 Queenston Road,,Stoney Creek,Medical Offices,Alteration,146880,43.22571,-79.756,25-103852 C9
2025-11,578 Upper James Street,,Hamilton,Dental Offices,Alteration,300000,43.23999,-79.87721,25-103803 C9
2025-11,42 King Street East,,Stoney Creek,Medical Offices,Alteration,,43.21612,-79.75621,25-100702-01 C9
2025-10,653 Barton Street East,,Hamilton,Dental Offices,Alteration,723300,43.25694,-79.83725,25-102795 C3
2025-10,2579 King Street East,,Hamilton,Medical Offices,Alteration,15000,43.22381,-79.78344,24T-5014 C9
2025-10,312 Grays Road,,Hamilton,Medical Offices,Alteration,116220,43.23197,-79.74019,25-102842 C3
2025-10,701 Upper Sherman Avenue,,Hamilton,Nursing Homes,Alteration,307870,43.22605,-79.84947,25-102242 G3
2025-10,554 John Street North,,Hamilton,Medical Offices,Alteration,150000,43.27275,-79.85836,25-103745 C3
2025-10,135 King Street East,,Dundas,Laboratory - Industrial,Alteration,750000,43.26712,-79.94385,24-7643 I9
2025-10,232 Cannon Street East,,Hamilton,Medical Offices,Alteration,50000,43.25799,-79.85673,25-103841 C3
2025-10,10 Governor's Road,,Dundas,Medical Offices,Addition,,43.26278,-79.95375,24T-4764-01 C9
2025-09,50 Dundurn Street South,,Hamilton,Dental Offices,Alteration,275000,43.26135,-79.88939,25-103009 C3
2025-09,233 King Street East,,Hamilton,Medical Offices,Alteration,,43.25461,-79.86222,23T-134576-01 C3
2025-09,232 Cannon Street East,,Hamilton,Medical Offices,Alteration,,43.25799,-79.85673,25-101470-01 C3
2025-09,323 Upper Wentworth Street,,Hamilton,Dental Offices,Alteration,85000,43.24154,-79.85335,25-102044 C3
2025-09,2255 Barton Street East,,Hamilton,Medical Offices,Alteration,15000,43.23971,-79.77096,25-103217 C3
2025-09,461 Green Road,,Stoney Creek,Dental Offices,Alteration,5000,43.23962,-79.72574,25-103369 C3
2025-09,370 Main Street East,,Hamilton,Medical Offices,Alteration,700000,43.25137,-79.85521,25-102105 C3
2025-09,1096 Barton Street East,,Hamilton,Dental Offices,Alteration,20000,43.25103,-79.81555,25-103105 C3
2025-08,270 Longwood Road South,,Hamilton,Laboratory - Industrial,Alteration,25000,43.25461,-79.90266,25-102176-01 I3
2025-08,270 Longwood Road South,,Hamilton,Laboratory - Industrial,Alteration,450000,43.25461,-79.90266,25-101350 I3
2025-08,42 King Street East,,Stoney Creek,Medical Offices,Alteration,150000,43.21612,-79.75621,25-100702 C9
2025-08,82 King Street West,,Stoney Creek,Dental Offices,Alteration,675000,43.21888,-79.76546,25-102456 C9
2025-08,875 Upper Wentworth Street,,Hamilton,Dental Offices,Alteration,516600,43.22096,-79.86232,25-101937 C9
2025-07,270 Longwood Road South,,Hamilton,Laboratory - Industrial,Alteration,5000000,43.25461,-79.90266,25-102176 I3
2025-07,427 Dundas Street East,,Flamborough,Medical Offices,Alteration,30000,43.34131,-79.88378,25-101864 C3
2025-07,65 King Street East,,Hamilton,Medical Offices,Alteration,,43.25634,-79.86697,24-8188-01 C9
2025-06,461 Green Road,,Stoney Creek,Dental Offices,Alteration,50000,43.23962,-79.72574,25-101676 C3
2025-06,2783 King Street East,,Hamilton,Dental Offices,Alteration,30000,43.22059,-79.77317,25-101423 C9
2025-06,2255 Barton Street East,,Hamilton,Medical Offices,Alteration,800000,43.23971,-79.77096,25-101026 C3
2025-06,82 King Street West,,Stoney Creek,Dental Offices,Alteration,50000,43.21888,-79.76546,25-100533-01 C9
2025-05,232 Cannon Street East,,Hamilton,Medical Offices,Alteration,50000,43.25799,-79.85673,25-101470 C3
2025-05,82 King Street West,,Stoney Creek,Dental Offices,Alteration,100000,43.21888,-79.76546,25-101464 C9
2025-05,65 Mall Road,,Hamilton,Dental Offices,Alteration,100000,43.22095,-79.86038,25-100475 C3
2025-05,240 Wilson Street East,,Ancaster,Dental Offices,Alteration,49000,43.2234,-79.97841,25-100403 C9
2025-04,304 Victoria Avenue North,,Hamilton,Medical Offices,Alteration,85000,43.26216,-79.85235,25-100802 C3
2025-04,270 Longwood Road South,,Hamilton,Laboratory - Industrial,Alteration,500000,43.25461,-79.90266,24T-2701 I3
2025-04,466 Highway No. 8,,Stoney Creek,Nursing Homes,Foundation,675386,43.21641,-79.71756,24T-3475 G3
2025-04,466 Highway No. 8,,Stoney Creek,Nursing Homes,New Construction,80000000,43.21641,-79.71756,24T-3158 G3
2025-03,10 Governor's Road,,Dundas,Medical Offices,Addition,1180000,43.26278,-79.95375,24T-4764 C9
2025-03,56 Governor's Road,,Dundas,Nursing Homes,Alteration,750000,43.26185,-79.95782,24-8211 G3
2025-03,101 Locke Street South,,Hamilton,Dental Offices,Alteration,590000,43.25767,-79.88445,24-8711 C3
2025-03,110 King Street West,,Hamilton,Dental Offices,Alteration,50000,43.25764,-79.87129,25-100043 C3
2025-03,595 Barton Street East,,Hamilton,Medical Offices,Alteration,150000,43.25776,-79.83998,25-100478 C9
2025-03,625 Greenhill Avenue,,Hamilton,Dental Offices,Alteration,90000,43.2102,-79.78649,25-100141 C3
2025-03,1334 South Service Road,,Stoney Creek,Medical Offices,Alteration,85000,43.21706,-79.64207,25-100161 C3
2025-02,1151 Garner Road West,,Ancaster,Dental Offices,Alteration,900000,43.19596,-80.01885,24-8906 C3
2025-02,1411 Upper Wellington Street,,Hamilton,Nursing Homes,Alteration,100000,43.21006,-79.87831,24-7810 G3
2025-02,775 Upper Wentworth Street,,Hamilton,Medical Offices,Alteration,50000,43.22438,-79.86117,24-7906 C3
2025-01,401 Victoria Avenue North,,Hamilton,Medical Offices,Alteration,300000,43.26532,-79.85188,24T-1483 C3
2025-01,554 John Street North,,Hamilton,Medical Offices,Alteration,50000,43.27275,-79.85836,24-8248 C3
2025-01,849 Upper Wentworth Street,,Hamilton,Medical Offices,Alteration,75000,43.22185,-79.86106,24T-7299 C3
2025-01,69 King Street East,,Stoney Creek,Medical Offices,Alteration,125000,43.21653,-79.75451,24-8188 C9
2024-12,841 Upper Wentworth Street,,Hamilton,Medical Offices,Alteration,150000,43.22202,-79.86179,24-7909 C9
2024-12,1217 Main Street East,,Hamilton,Medical Offices,Alteration,80000,43.24235,-79.81786,24T-6431 C9
2024-12,125 Wentworth Street South,,Hamilton,Nursing Homes,Alteration,190000,43.24791,-79.85048,24T-7093 G3
2024-11,1142 Wilson Street West,,Ancaster,Medical Offices,Backflow Preventer,100000,43.19694,-80.01796,24T-3203 PPP
2024-11,105 Clappison Avenue,,Flamborough,Medical Offices,Tenant Improvement,25000,43.3234,-79.92224,24T-3711 C3
2024-11,554 John Street North,,Hamilton,Medical Offices,Alteration,700000,43.27275,-79.85836,24T-6739 C3
2024-11,701 Upper Sherman Avenue,,Hamilton,Nursing Homes,Addition,32385000,43.22605,-79.84947,24T-5138 G3
2024-11,267 Upper Centennial Parkway,,Stoney Creek,Dental Offices,Alteration,250000,43.19106,-79.76937,24-7485 C3
2024-10,1411 Upper Wellington Street,,Hamilton,Nursing Homes,New Construction,750000,43.21006,-79.87831,23T-126317-01 G3
2024-10,45 Lockton Crescent,,Hamilton,Nursing Homes,Alteration,550000,43.21156,-79.84743,24T-2306 G3
2024-10,538 Upper Wellington Street,,Hamilton,Medical Offices,Addition,90000,43.2395,-79.86672,24T-3346 C9
2024-10,723 Rymal Road West,,Hamilton,Medical Offices,Alteration,5000,43.20988,-79.92658,24T-4747 C3
2024-10,304 Victoria Avenue North,,Hamilton,Medical Offices,Alteration,15000,43.26216,-79.85235,24T-6169 C3
2024-09,326 Wilson Street East,,Ancaster,Medical Offices,Alteration,80000,43.22615,-79.97638,22T-153635-01 C9
2024-09,105 Clappison Avenue,,Flamborough,Medical Offices,Alteration,220000,43.3234,-79.92224,24T-2167 C3
2024-09,267 Upper Centennial Parkway,Unit 3,Stoney Creek,Medical Offices,Tenant Improvement,90000,43.19106,-79.76937,24T-2917 C3
2024-09,270 Longwood Road South,Building B,Hamilton,Laboratory - Industrial,Alteration,200000,43.25461,-79.90266,24T-4792 I3
2024-09,1079 Barton Street East,,Hamilton,Medical Offices,Alteration,30000,43.25175,-79.81646,24T-6220 C9
2024-09,449 Sanatorium Road,,Hamilton,Nursing Homes,Alteration,10000,43.23563,-79.91486,24T-6369 G3
2024-08,516 Upper James Street,,Hamilton,Medical Offices,Alteration,30000,43.24222,-79.87627,23T-309520 C9
2024-08,304 Victoria Avenue North,,Hamilton,Medical Offices,Alteration,100000,43.26216,-79.85235,23T-316527 C3
2024-08,304 Victoria Avenue North,,Hamilton,Medical Offices,Alteration,150000,43.26216,-79.85235,24T-1514 C3
2024-08,1280 Mohawk Road,,Hamilton,Medical Offices,Alteration,100000,43.23281,-79.93205,24T-3959 C9
2024-08,385 Highland Road West,,Stoney Creek,Nursing Homes,Alteration,150000,43.18786,-79.80295,24T-4020 G3
2024-08,701 Upper Sherman Avenue,,Hamilton,Nursing Homes,Foundation,1615000,43.22605,-79.84947,24T-4040 G3
2024-08,840 Queenston Road,,Stoney Creek,Dental Offices,Alteration,100000,43.22716,-79.76166,24T-4670 C3
2024-07,849 Upper Wentworth Street,,Hamilton,Medical Offices,Alteration,30000,43.22185,-79.86106,24T-185557 C3
2024-07,270 Longwood Road South,,Hamilton,Laboratory - Commercial,Alteration,770000,43.25461,-79.90266,23T-314453 I3
2024-07,270 Longwood Road South,,Hamilton,Laboratory - Industrial,Alteration,100000,43.25461,-79.90266,22T-151762 01 I3
2024-07,449 Sanatorium Road,,Hamilton,Nursing Homes,Alteration,10000,43.23563,-79.91486,24T-4107 G3
2024-06,105 Clappison Avenue,,Flamborough,Medical Offices,Alteration,,43.3234,-79.92224,23T-115372 01 C3
2024-06,231 King Street East,,Hamilton,Medical Offices,Alteration,150000,43.24423,-79.83324,23T-134576 C3
2024-06,1447 Upper Ottawa Street,,Hamilton,Dental Offices,Tenant Improvement,250000,43.19615,-79.84105,24T-0050 C3
2024-06,115 Hamilton Street North,,Flamborough,Dental Offices,Alteration,10000,43.3355,-79.90245,24T-1037 C3
2024-06,17 Queen Street South,,Hamilton,Medical Offices,Alteration,15000,43.25871,-79.87862,24T-185341 C9
2024-06,2255 Barton Street East,,Hamilton,Medical Offices,Alteration,1200000,43.23971,-79.77096,24T-2221 C3
2024-06,63 Highway No. 5 West,,Flamborough,Laboratory - Commercial,Alteration,10000,43.30802,-79.92336,24T-3093 I3
2024-05,57 Bittern Street,Unit 27,Ancaster,Laboratory - Industrial,Alteration,10000,43.19141,-80.02399,24T-0472 I3
2024-05,304 Victoria Avenue North,,Hamilton,Medical Offices,Alteration,150000,43.26216,-79.85235,24T-0152 C3
2024-05,849 Upper Wentworth Street,,Hamilton,Medical Offices,Alteration,50000,43.22185,-79.86106,24T-0810 C3
2024-05,67 Kenilworth Avenue North,,Hamilton,Medical Offices,Alteration,30000,43.24247,-79.8094,24T-1033 C9
2024-04,160 King Street West,,Dundas,Medical Offices,Tenant Improvement,133360,43.26695,-79.96101,23T-316938-00 C3
2024-04,1685 Main Street West,,Hamilton,Medical Offices,Alteration,150000,43.25675,-79.93463,24T-0197-00 C3
2024-04,1955 King Street East,,Hamilton,Medical Offices,Alteration,30000,43.23178,-79.8044,23T-314709-00 C3
2024-04,730 Upper James Street,,Hamilton,Medical Offices,Alteration,110000,43.23096,-79.88132,24T-0107-00 C3
2024-04,891 Upper James Street,Unit 106A,Hamilton,Dental Offices,Alteration,20000,43.22592,-79.88217,24T-184336-00 C3
2024-03,1411 Upper Wellington Street,,Hamilton,Nursing Homes,New Construction,110000000,43.21006,-79.87831,23T-126317-00 R3
2024-03,26 Legend Court,,Ancaster,Medical Offices,Alteration,150000,43.2274,-79.94799,24T-184122-00 C3
2024-02,1280 Mohawk Road,,Ancaster,Medical Offices,Alteration,100000,43.23281,-79.93205,23 316922 000 00 C9
2024-02,12 Tranquility Avenue,,Ancaster,Nursing Homes,Addition (NR),10000,43.21126,-80.00716,23 317000 000 00 G3
2024-02,54 Wilson Street West,,Ancaster,Dental Offices,Alteration,80000,43.21563,-79.98913,24 181377 000 00 C3
2024-02,56 Head Street,,Dundas,Laboratory - Industrial,Alteration,50000,43.26825,-79.97518,24 182243 000 00 I3
2024-01,369 Barton Street East,,Hamilton,Medical Offices,Alteration,30000,43.26025,-79.84936,23-128352-00 C9
2024-01,1280 Mohawk Road,,Ancaster,Medical Offices,Alteration,350000,43.23281,-79.93205,23-306317-00 C9
2024-01,1295 Cormorant Road,,Ancaster,Laboratory - Industrial,Alteration,100000,43.18886,-80.022,23-316890-00 I3
2024-01,15 Mountain Avenue South,,Stoney Creek,Medical Offices,Alteration,75000,43.21565,-79.75661,23-317084-00 C3
2023-12,304 Victoria Avenue North,,Hamilton,Medical Offices,Alteration,240000,43.26216,-79.85235,23-132705-00 C3
2023-12,105 Clappison Avenue,,Flamborough,Medical Offices,Alteration,120000,43.3234,-79.92224,23-138541-00 C3
2023-12,107 Appleblossom Drive,,Hamilton,Nursing Homes,Replace,40000,43.21649,-79.89715,23-138703-00 R9
2023-12,245 Mill Street,,Dundas,Medical Offices,Alteration,230000,43.26626,-79.96632,23-305606-00 C9
2023-12,145 Hamilton Street North,,Flamborough,Dental Offices,Alteration,10000,43.33378,-79.89961,23-308925-00 C3
2023-11,1208 Main Street East,,Hamilton,Dental Offices,Alteration,25000,43.24218,-79.81918,20-199201-00 C9
2023-11,145 Hamilton Street North,,Flamborough,Dental Offices,Alteration,500000,43.33378,-79.89961,23-136065-00 C3
2023-11,460 Wentworth Street North,,Hamilton,Medical Offices,Alteration,100000,43.26478,-79.84312,23-136804-00 C3
2023-11,999 Upper Wentworth Street,,Hamilton,Dental Offices,Alteration,325000,43.21616,-79.8629,23-139475-00 C3
2023-11,105 Clappison Avenue,,Flamborough,Medical Offices,Alteration,107400,43.3234,-79.92224,23-308006-00 C3
2023-10,357 Main Street East,,Hamilton,Medical Offices,Alteration,100000,43.25182,-79.85524,22-153762-00 C9
2023-10,1223 Barton Street East,,Hamilton,Medical Offices,Alteration,35000,43.25113,-79.81005,23-128175-00 C3
2023-10,15 Mountain Avenue South,,Stoney Creek,Medical Offices,Alteration,10000,43.21565,-79.75661,23-304922-00 C3
2023-09,56 Governor's Road,,Dundas,Nursing Homes,Alteration,16000000,43.26185,-79.95782,22-154159-00 G3
2023-09,130 Lancing Drive,,Hamilton,Laboratory - Industrial,Alteration,10000,43.19097,-79.84037,23-129679-00 I9
2023-09,444 Concession Street,,Hamilton,Medical Offices,Alteration,250000,43.24199,-79.85686,23-131222-00 C3
2023-09,130 Lancing Drive,,Hamilton,Laboratory - Industrial,Alteration,300000,43.19097,-79.84037,23-134001-00 I9
2023-08,2579 King Street East,,Hamilton,Medical Offices,Alteration,100000,43.22381,-79.78344,23-117789-00 C9
2023-08,891 Upper James Street,,Hamilton,Dental Offices,Alteration,550000,43.22592,-79.88217,23-128504-00 C3
2023-08,2179 King Street East,,Hamilton,Dental Offices,Alteration,10000,43.23092,-79.80042,23-128594-00 C9
2023-08,688 Queensdale Avenue East,,Hamilton,Medical Offices,Alteration,30000,43.23396,-79.8468,23-129783-00 C9
2023-08,920 Upper Wentworth Street,,Hamilton,Medical Offices,Alteration,100000,43.21985,-79.86416,23-130019-00 C3
2023-08,612 King Street West,,Hamilton,Medical Offices,Alteration,5000,43.26223,-79.88683,23-131375-00 C3
2023-08,1411 Upper Wellington Street,,Hamilton,Nursing Homes,Foundation,17000000,43.21006,-79.87831,23-137370-00 G3
2023-07,326 Wilson Street East,,Ancaster,Medical Offices,Alteration,80000,43.22615,-79.97638,22-153635-00 C9
2023-07,105 Clappison Avenue,,Flamborough,Medical Offices,New Construction,8846960,43.3234,-79.92224,23-115372-00 C3
2023-07,840 Queenston Road,,Stoney Creek,Medical Offices,Alteration,18000,43.22716,-79.76166,23-118745-00 C3
2023-07,1050 Burlington Street East,,Hamilton,Laboratory - Industrial,Alteration,500000,43.26309,-79.81898,23-121133-00 I3
2023-06,444 Concession Street,,Hamilton,Medical Offices,Alteration,700000,43.24199,-79.85686,23-105783-00 C3
2023-06,304 Victoria Avenue North,,Hamilton,Medical Offices,Tenant Improve,190000,43.26216,-79.85235,23-114072-00 C3
2023-06,1290 Arvin Avenue,,Stoney Creek,Laboratory - Industrial,Alteration,30000,43.21519,-79.65556,23-116485-00 I3
2023-06,56 Governor's Road,,Dundas,Nursing Homes,Alteration,644900,43.26185,-79.95782,23-119066-00 G3
2023-05,1057 Main Street West,,Hamilton,Medical Offices,Alteration,,43.25801,-79.90862,22-155655-01 C9
2023-05,183 Longwood Road South,,Hamilton,Laboratory - Industrial,Alteration,75000,43.25601,-79.9011,23-109884-00 I3
2023-05,1223 Barton Street East,,Hamilton,Medical Offices,Alteration,750000,43.25113,-79.81005,23-111749-00 C3
2023-04,150 Main Street West,,Hamilton,Medical Offices,Tenant Improve,11500,43.25715,-79.87598,22-126965-01 C3
2023-04,209 MacNab Street South,,Hamilton,Dental Offices,Alteration,60000,43.25024,-79.87326,23-106037-00 C9
2023-04,53 Augusta Street,,Hamilton,Dental Offices,Alteration,150000,43.25186,-79.86883,23-111609-00 C9
2023-04,66 Innovation Drive,,Flamborough,Laboratory - Commercial,Alteration,110900,43.30833,-79.91728,23-112216-00 C3
2023-03,66 Innovation Drive,,Flamborough,Laboratory - Commercial,Alteration,,43.30833,-79.91728,21-143012-01 C3
2023-03,847 Lynden Road,,Ancaster,Medical Offices,Alteration,,43.22421,-80.14211,22-125618-01 C9
2023-03,769 King Street West,,Hamilton,Medical Offices,Alteration,85000,43.26186,-79.89659,22-128364-00 C9
2023-03,153 Highway No. 52,,Flamborough,Medical Offices,Addition (NR),300000,43.25472,-80.0603,22-141280-00 C9
2023-03,270 Longwood Road South,,Hamilton,Laboratory - Industrial,Alteration,35000000,43.25461,-79.90266,22-151762-00 I3
2023-03,6 Sydenham Street,,Dundas,Dental Offices,Alteration,500000,43.26688,-79.95692,22-153482-00 C9
2023-03,351 Nash Road North,,Hamilton,Laboratory - Industrial,Alteration,20000,43.24294,-79.76918,22-156098-00 I9
2023-03,975 Queenston Road,,Stoney Creek,Medical Offices,Tenant Improve,600000,43.22691,-79.75812,23-106255-00 C3
2023-03,310 Limeridge Road West,,Hamilton,Medical Offices,Alteration,10000,43.22378,-79.89867,23-108577-00 C3
2023-02,969 Fennell Avenue East,,Hamilton,Dental Offices,Alteration,55000,43.22805,-79.83782,22-143932-00 C3
2023-02,2190 Rymal Road East,,Glanbrook,Medical Offices,Alteration,400000,43.17412,-79.78295,22-154939-00 C3
2023-02,1057 Main Street West,,Hamilton,Medical Offices,Alteration,210000,43.25801,-79.90862,22-155655-00 C9
2023-02,1280 Mohawk Road,,Ancaster,Medical Offices,Alteration,40000,43.23281,-79.93205,22-156361-00 C9
2023-02,247 John Street South,,Hamilton,Medical Offices,Alteration,50000,43.24954,-79.86875,23-100259-00 C9
2023-01,47 Cootes Drive,,Dundas,Medical Offices,Alteration,,43.26568,-79.9458,22-102903-01 C3
2023-01,95 Hamilton Street North,,Flamborough,Dental Offices,Alteration,80000,43.3345,-79.90099,22-143239-00 C3
2023-01,575 Upper James Street,,Hamilton,Dental Offices,Alteration,100000,43.24034,-79.87635,22-149668-00 C9
2023-01,30 Rymal Road East,,Hamilton,Dental Offices,Alteration,100000,43.20175,-79.89184,22-151960-00 C3
2022-12,23 Main Street,,Dundas,Medical Offices,Alteration,50000,43.2654,-79.95302,22-109612-00 R3
2022-12,20 Clappison Avenue,,Flamborough,Medical Offices,Alteration,1100000,43.31968,-79.91226,22-124067-00 C3
2022-12,54 Queen Street South,,Hamilton,Medical Offices,Alteration,50000,43.25804,-79.87967,22-146966-00 C3
2022-12,1314 Upper Wentworth Street,,Hamilton,Dental Offices,Alteration,100000,43.20712,-79.86943,22-146973-00 C9
2022-12,150 Main Street West,,Hamilton,Medical Offices,Alteration,,43.25715,-79.87598,22-150708-00 C3
2022-12,247 John Street South,,Hamilton,Medical Offices,Alteration,20000,43.24954,-79.86875,22-151832-00 C9
2022-12,247 John Street South,,Hamilton,Medical Offices,Alteration,,43.24954,-79.86875,22-151832-01 C9
2022-12,631 Queenston Road,,Hamilton,Medical Offices,Alteration,30000,43.23102,-79.77504,22-152615-00 C3
2022-11,47 Cootes Drive,,Dundas,Medical Offices,Alteration,48025,43.26568,-79.9458,22-102903-00 C3
2022-11,90 Wellington Street North,,Hamilton,Dental Offices,Alteration,150000,43.25597,-79.85783,22-106389-00 C3
2022-11,150 Main Street West,,Hamilton,Medical Offices,Tenant Improve,2500000,43.25715,-79.87598,22-126965-00 C3
2022-11,1430 Concession 6 West,,Flamborough,Laboratory - Industrial,New Construction,1131577,43.33143,-80.09363,22-141836-00 I9
2022-11,80 Queen Street North,,Hamilton,Nursing Homes,Alteration,76230,43.26135,-79.87753,22-142223-00 G3
2022-10,148 Parkdale Avenue North,,Hamilton,Medical Offices,Alteration,,43.24026,-79.78999,21-102699-05 C3
2022-10,25 Charlton Avenue East,,Hamilton,Medical Offices,Alteration,,43.24975,-79.87121,22-113946-01 C3
2022-10,285 Carlisle Road,,Flamborough,Medical Offices,Alteration,150000,43.39505,-79.98028,22-129307-00 C9
2022-10,115 Hamilton Street North,,Flamborough,Medical Offices,Alteration,90000,43.3355,-79.90245,22-131342-00 C3
2022-10,35 Stone Church Road,,Ancaster,Dental Offices,Alteration,315000,43.22749,-79.93604,22-140274-00 C3
2022-09,286 Victoria Avenue North,,Hamilton,Medical Offices,Alteration,150000,43.26136,-79.8528,20-180878-00 C9
2022-09,430 Cannon Street East,,Hamilton,Medical Offices,New Construction,11654000,43.25584,-79.84851,22-117631-00 C3
2022-09,2130 King Street East,,Hamilton,Medical Offices,Alteration,75000,43.23063,-79.80198,22-120480-00 C3
2022-09,36 King Street West,,Dundas,Medical Offices,Alteration,15000,43.26613,-79.95552,22-125289-00 C9
2022-09,847 Lynden Road,,Ancaster,Medical Offices,Alteration,9571,43.22421,-80.14211,22-125618-00 C9
2022-09,760 Mohawk Road West,,Hamilton,Dental Offices,Alteration,50000,43.23434,-79.92021,22-131321-00 C3
2022-08,565 Sanatorium Road,,Hamilton,Medical Offices,Alteration,450000,43.23999,-79.91544,22-110775-00 C3
2022-08,135 James Street South,,Hamilton,Dental Offices,Alteration,35000,43.25271,-79.87037,22-120994-00 C9
2022-08,25 Charlton Avenue East,,Hamilton,Medical Offices,Alteration,20000,43.24975,-79.87121,22-121098-00 C3
2022-08,183 Hughson Street South,,Hamilton,Dental Offices,Alteration,20000,43.24996,-79.87036,22-122954-00 C9
2022-08,430 Cannon Street East,,Hamilton,Medical Offices,Foundation,538300,43.25584,-79.84851,22-122964-00 C3
2022-08,297 Highway No. 8,,Stoney Creek,Dental Offices,Alteration,60000,43.22087,-79.73179,22-132458-00 C3
2022-07,270 Longwood Road South,,Hamilton,Laboratory - Industrial,Alteration,6400000,43.25461,-79.90266,21-129768-00 I3
2022-07,1120 Barton Street East,,Hamilton,Medical Offices,Alteration,,43.25085,-79.81467,21-153017-01 C3
2022-06,148 Parkdale Avenue North,,Hamilton,Medical Offices,Alteration,,43.24026,-79.78999,21-102699-04 C3
2022-06,95 Hamilton Street North,,Flamborough,Medical Offices,Alteration,35000,43.3345,-79.90099,22-109412-00 C3
2022-06,25 Charlton Avenue East,,Hamilton,Medical Offices,Alteration,100000,43.24975,-79.87121,22-113946-00 C3
2022-06,101 Locke Street South,,Hamilton,Medical Offices,Alteration,400000,43.25767,-79.88445,22-120286-00 C3
2022-05,1050 Paramount Drive,,Stoney Creek,Medical Offices,Alteration,10000,43.19933,-79.79413,21-130536-01 C3
2022-05,623 Upper James Street,,Hamilton,Dental Offices,Tenant Improve,950000,43.23894,-79.87695,22-104074-00 C3
2022-05,56 Governor's Road,,Dundas,Nursing Homes,Alteration,178000,43.26185,-79.95782,22-106058-00 G3
2022-05,94 Main Street,,Dundas,Medical Offices,Alteration,75000,43.26291,-79.95225,22-114905-00 C3
2022-04,66 Innovation Drive,,Flamborough,Laboratory - Commercial,Alteration,500000,43.30833,-79.91728,21-143012-00 C3
2022-04,40 Mallard Trail,,Flamborough,Dental Offices,Alteration,250000,43.34372,-79.87745,22-102875-00 C3
2022-04,280 Queenston Road,,Hamilton,Medical Offices,Alteration,20000,43.234,-79.7923,22-104385-00 C9
2022-04,292 Dundas Street East,,Flamborough,Dental Offices,Tenant Improve,100000,43.33194,-79.89401,22-116435-00 C9
2022-03,80 King Street East,,Stoney Creek,Dental Offices,Alteration,,43.2163,-79.75338,20-192247-01 C9
2022-03,148 Parkdale Avenue North,,Hamilton,Medical Offices,Alteration,,43.24026,-79.78999,21-102699-03 C3
2022-03,2 King Street West,,Hamilton,Medical Offices,Alteration,100000,43.25711,-79.86938,21-151629-01 C3
2022-03,50 Forest Avenue,,Hamilton,Dental Offices,Alteration,30000,43.24973,-79.8697,21-158921-00 C9
2022-02,910 Queenston Road,,Stoney Creek,Medical Offices,Alteration,600000,43.22571,-79.756,21-163047-00 C9
2022-02,1125 Main Street East,,Hamilton,Medical Offices,Alteration,30000,43.24344,-79.82252,21-163091-00 C9
2022-02,101 Creighton Road,,Dundas,Nursing Homes,Alteration,10000,43.2611,-79.968,22-105115-00 G3
2022-01,2623 Binbrook Road,,Glanbrook,Medical Offices,Alteration,,43.12008,-79.80281,21-146116-01 C9
2022-01,1120 Barton Street East,,Hamilton,Medical Offices,Alteration,500000,43.25085,-79.81467,21-153017-00 C3
2021-12,754 Queenston Road,,Hamilton,Dental Offices,Alteration,80000,43.22836,-79.76922,21-145104-00 C3
2021-12,270 Longwood Road South,,Hamilton,Laboratory - Industrial,Alteration,366000,43.25461,-79.90266,21-153373-00 I3
2021-11,148 Parkdale Avenue North,,Hamilton,Medical Offices,Alteration,,43.24026,-79.78999,21-102699-02 C3
2021-11,9210 Airport Road West,,Glanbrook,Dental Offices,Alteration,239500,43.15853,-79.92208,21-113800-00 C9
2021-11,723 Rymal Road West,,Hamilton,Nursing Homes,Alteration,5000,43.20988,-79.92658,21-141982-00 G3
2021-11,2 King Street West,,Hamilton,Medical Offices,Alteration,100000,43.25711,-79.86938,21-151629-00 C3
2021-11,969 Fennell Avenue East,,Hamilton,Medical Offices,Alteration,125000,43.22805,-79.83782,21-151846-00 C3
2021-11,801 Upper Gage Avenue,,Hamilton,Nursing Homes,Replace,279130,43.21988,-79.84183,21-154894-00 G3
2021-10,1800 Stone Church Road East,,Stoney Creek,Medical Offices,Alteration,20000,43.19098,-79.81239,21-138761-00 C9
2021-10,648 Upper James Street,,Hamilton,Medical Offices,Alteration,200000,43.23665,-79.87859,21-139501-00 C9
2021-10,44 Frid Street,,Hamilton,Laboratory - Industrial,Alteration,1700000,43.25934,-79.89342,21-142504-00 I3
2021-10,20 Clappison Avenue,,Flamborough,Medical Offices,Alteration,180000,43.31968,-79.91226,21-145262-00 C3
2021-10,50 Dundurn Street South,,Hamilton,Dental Offices,Alteration,100000,43.26135,-79.88939,21-145437-00 C3
2021-09,148 Parkdale Avenue North,,Hamilton,Medical Offices,Alteration,,43.24026,-79.78999,21-102699-01 C3
2021-09,1544 Main Street West,,Hamilton,Medical Offices,Alteration,150000,43.25785,-79.9246,21-112068-00 C9
2021-09,928 Barton Street East,,Hamilton,Medical Offices,Alteration,250000,43.2532,-79.82436,21-125592-00 C9
2021-09,64 James Street South,,Hamilton,Medical Offices,Alteration,400000,43.25479,-79.87022,21-135101-00 C3
2021-09,848 Main Street East,,Hamilton,Dental Offices,Alteration,460000,43.24629,-79.83568,21-136129-00 C9
2021-09,385 Wilson Street East,,Ancaster,Medical Offices,Alteration,100000,43.22825,-79.97608,21-138180-00 C3
2021-08,642 Upper James Street,,Hamilton,Dental Offices,Alteration,160000,43.23704,-79.87842,21-120817-00 C9
2021-08,270 Longwood Road South,,Hamilton,Laboratory - Commercial,Addition (NR),400000,43.25461,-79.90266,21-133432-00 C3
2021-08,115 Hamilton Street North,,Flamborough,Medical Offices,Alteration,10000,43.3355,-79.90245,21-134764-00 C3
2021-08,101 Osler Drive,,Dundas,Medical Offices,Alteration,40000,43.25951,-79.94338,21-137334-00 C3
2021-07,11 Cross Street,,Dundas,Medical Offices,Alteration,150000,43.2666,-79.95333,21-119133-00 C9
2021-07,181 Main Street West,,Hamilton,Medical Offices,Tenant Improve,1223000,43.25697,-79.87771,21-129052-00 C3
2021-07,1050 Paramount Drive,,Stoney Creek,Medical Offices,Alteration,10000,43.19933,-79.79413,21-130536-00 C3
2021-05,105 Main Street East,,Hamilton,Dental Offices,Alteration,100000,43.25455,-79.8655,20-178839-00 C3
2021-05,110 King Street West,,Hamilton,Dental Offices,Alteration,50000,43.25764,-79.87129,20-185793-01 C3
2021-05,1440 Main Street East,,Hamilton,Medical Offices,Alteration,40000,43.23969,-79.8086,21-124453-00 C3
2021-04,148 Parkdale Avenue North,,Hamilton,Medical Offices,Alteration,400000,43.24026,-79.78999,21-102699-00 C3
2021-03,80 King Street East,,Stoney Creek,Dental Offices,Alteration,250000,43.2163,-79.75338,20-192247-00 C9
2021-03,270 Longwood Road South,,Hamilton,Laboratory - Industrial,Alteration,23000000,43.25461,-79.90266,20-192568-00 I3
2021-03,73 Wilson Street West,,Ancaster,Dental Offices,Alteration,150000,43.21621,-79.99034,21-101494-00 C3
2021-03,1024 Upper Wentworth Street,,Hamilton,Medical Offices,Alteration,122850,43.21645,-79.86553,21-108653-00 C3
2021-02,1527 Upper Ottawa Street,,Hamilton,Medical Offices,Alteration,188000,43.19332,-79.84238,20-195716-00 C3
2021-02,2537 Regional Road 56,,Glanbrook,Medical Offices,Alteration,10000,43.1245,-79.80218,20-197971-00 C3
2021-01,81 Wilson Street West,,Ancaster,Medical Offices,Alteration,,43.21602,-79.99065,20-176021-01 C9
2021-01,183 Longwood Road South,,Hamilton,Laboratory - Industrial,Alteration,435000,43.25601,-79.9011,20-189430-00 I3
2021-01,310 Limeridge Road West,,Hamilton,Medical Offices,Alteration,300000,43.22378,-79.89867,20-195237-00 C3
2020-12,612 Upper James Street,,Hamilton,Dental Offices,Alteration,500000,43.23851,-79.87773,20-166097-00 C9
2020-12,4 Cootes Drive,,Dundas,Dental Offices,Alteration,200000,43.26531,-79.9502,20-190831-00 C9
2020-11,754 Queenston Road,,Hamilton,Medical Offices,Alteration,25000,43.22836,-79.76922,20-183086-00 C3
2020-11,110 King Street West,,Hamilton,Dental Offices,Alteration,50000,43.25764,-79.87129,20-185793-00 C3
2020-11,247 Centennial Parkway North,,Hamilton,Dental Offices,Alteration,5000,43.23776,-79.76137,20-185805-00 C9
2020-10,229 King Street East,,Hamilton,Medical Offices,Alteration,,43.2547,-79.86222,19-159436-01 C9
2020-10,182 Jackson Street East,,Hamilton,Dental Offices,Tenant Improve,70000,43.25254,-79.86293,20-178155-00 C9
2020-10,75 Centennial Parkway North,,Hamilton,Dental Offices,Alteration,100000,43.2307,-79.76393,20-183845-00 C3
2020-10,44 Frid Street,,Hamilton,Laboratory - Industrial,Alteration,20000,43.25934,-79.89342,20-185059-00 I3
2020-09,270 Longwood Road South,,Hamilton,Laboratory - Industrial,Alteration,800000,43.25461,-79.90266,19-159797-00 I3
2020-09,81 Wilson Street West,,Ancaster,Medical Offices,Alteration,10000,43.21602,-79.99065,20-176021-00 C3
2020-09,780 Highway No. 6,,Flamborough,Medical Offices,Alteration,12000,43.33177,-79.94371,20-181897-00 C9
2020-08,1802 Stone Church Road East,,Stoney Creek,Medical Offices,Alteration,,43.19065,-79.81371,20-156111-01 C9
2020-07,270 Longwood Road South,,Hamilton,Laboratory - Industrial,Alteration,,43.25461,-79.90266,18-128649-01 I3
2020-06,7 Innovation Drive,,Flamborough,Laboratory - Industrial,Alteration,100000,43.30997,-79.91764,20-149860-00 I3
2020-05,2120 Rymal Road East,,Glanbrook,Dental Offices,Alteration,500000,43.17623,-79.7913,20-156563-00 C3
2020-04,229 King Street East,,Hamilton,Medical Offices,Alteration,500000,43.2547,-79.86222,19-159436-00 C9
2020-04,1802 Stone Church Road East,,Stoney Creek,Medical Offices,Alteration,75000,43.19065,-79.81371,20-156111-00 C9
2020-04,118 1/2 Hatt Street,,Dundas,Medical Offices,Tenant Improve,130000,43.26572,-79.95927,20-157088-00 C9
2020-04,146 Highway No. 8,,Stoney Creek,Dental Offices,Alteration,,43.22312,-79.74479,20-157431-00 C3
2020-03,146 Highway No. 8,,Stoney Creek,Dental Offices,Alteration,50000,43.22312,-79.74479,20-151454-00 C3
2020-03,870 Lawrence Road,,Hamilton,Medical Offices,Alteration,5000,43.22886,-79.80319,20-152053-00 C3
2020-02,67 Kenilworth Avenue North,,Hamilton,Medical Offices,Alteration,10000,43.24247,-79.8094,19-130765-02 C9
2020-02,2 Castlewood Boulevard,,Dundas,Medical Offices,Alteration,50000,43.25873,-79.97911,19-158715-00 C3
2020-02,701 Upper Sherman Avenue,,Hamilton,Nursing Homes,Alteration,9000,43.22605,-79.84947,20-146822-00 G3
2020-01,773 Barton Street East,,Hamilton,Medical Offices,Alteration,,43.2555,-79.83163,18-120319-02 C9
2020-01,560 Highland Road West,,Stoney Creek,Medical Offices,Tenant Improve,80000,43.18855,-79.80778,19-153469-00 C9
2019-12,8 Kingsborough Drive,,Glanbrook,Dental Offices,Alteration,80000,43.17701,-79.79635,19-148615-00 C9
2019-11,56 Governor's Road,,Dundas,Nursing Homes,Alteration,5000,43.26185,-79.95782,19-128793-02 G3
2019-11,1812 Rymal Road East,,Glanbrook,Dental Offices,Alteration,60000,43.18228,-79.81958,19-147201-00 C3
2019-10,145 Hamilton Street North,,Flamborough,Medical Offices,Alteration,,43.33378,-79.89961,19-126182-01 C3
2019-10,283 Dundas Street East,,Flamborough,Medical Offices,Alteration,37500,43.33188,-79.89511,19-145475-00 C9
2019-09,56 Governor's Road,,Dundas,Nursing Homes,Alteration,280374,43.26185,-79.95782,19-128793-00 G3
2019-09,73 King Street East,,Hamilton,Dental Offices,Alteration,50000,43.25618,-79.86676,19-136965-00 C9
2019-09,2 King Street West,,Hamilton,Dental Offices,Alteration,250000,43.25711,-79.86938,19-137946-00 C3
2019-08,170 Ogilvie Street,,Dundas,Nursing Homes,New Construction,8000000,43.26014,-79.95579,18-137811-00 G3
2019-08,575 Upper James Street,,Hamilton,Dental Offices,Alteration,500000,43.24034,-79.87635,19-115636-00 C9
2019-08,68 Centennial Parkway South,,Stoney Creek,Medical Offices,Tenant Improve,71550,43.22502,-79.76492,19-130650-00 C3
2019-08,67 Kenilworth Avenue North,,Hamilton,Medical Offices,Alteration,3000,43.24247,-79.8094,19-130765-00 C9
2019-08,52 Cannon Street West,,Hamilton,Medical Offices,Alteration,35000,43.26145,-79.86951,19-138279-00 C3
2019-07,1266 South Service Road,,Stoney Creek,Laboratory - Industrial,Alteration,58500,43.21853,-79.64735,19-118786-00 I3
2019-07,45 Lockton Crescent,,Hamilton,Nursing Homes,Alteration,7000,43.21156,-79.84743,19-127558-00 G3
2019-07,45 Lockton Crescent,,Hamilton,Nursing Homes,Alteration,13178,43.21156,-79.84743,19-131066-00 G3
2019-06,145 Hamilton Street North,,Flamborough,Medical Offices,Alteration,310000,43.33378,-79.89961,19-126182-00 C3
2019-04,119 Osler Drive,,Dundas,Medical Offices,Alteration,125000,43.25849,-79.94142,19-106373-00 C3
2019-04,675 Rymal Road East,,Hamilton,Dental Offices,Alteration,75000,43.19539,-79.86269,19-109697-00 C3
2019-03,1265 Upper James Street,,Hamilton,Medical Offices,Addition (NR),,43.21364,-79.8873,18-114029-01 C9
2019-03,477 Dundas Street East,,Flamborough,Dental Offices,Alteration,500000,43.34469,-79.87901,19-104063-00 C9
2019-02,1412 Sandhill Drive,,Ancaster,Laboratory - Industrial,Alteration,10000,43.19015,-80.03127,18-134558-00 I9
2018-12,773 Barton Street East,,Hamilton,Medical Offices,Alteration,,43.2555,-79.83163,18-120319-01 C9
2018-12,1028 Highway No. 5 West,,Flamborough,Medical Offices,Alteration,12000,43.28656,-80.03159,18-142435-00 C9
2018-12,14 Duke Street,,Hamilton,Medical Offices,Alteration,30000,43.25204,-79.87181,18-145414-00 C9
2018-10,270 Longwood Road South,,Hamilton,Laboratory - Industrial,Alteration,15000000,43.25461,-79.90266,18-128649-00 I3
2018-10,314 Queenston Road,,Hamilton,Medical Offices,Alteration,75000,43.23364,-79.79061,18-130698-00 C3
2018-10,200 Longwood Road South,,Hamilton,Laboratory - Industrial,Alteration,200000,43.25572,-79.90231,18-136150-00 I3
2018-09,1265 Upper James Street,,Hamilton,Medical Offices,Addition (NR),95000,43.21364,-79.8873,18-114029-00 C9
2018-09,41 South Street West,,Dundas,Nursing Homes,Alteration,400000,43.25986,-79.94927,18-129937-00 G3
2018-08,773 Barton Street East,,Hamilton,Medical Offices,Alteration,17000,43.2555,-79.83163,18-120319-00 C9
2018-08,314 Queenston Road,,Hamilton,Medical Offices,Alteration,1500,43.23364,-79.79061,18-122894-00 C3
2018-08,270 Longwood Road South,,Hamilton,Laboratory - Industrial,Alteration,500000,43.25461,-79.90266,18-125358-00 I3
2018-06,2579 King Street East,,Hamilton,Medical Offices,Alteration,60000,43.22381,-79.78344,17-131600-00 C9
2018-06,1039 Upper James Street,,Hamilton,Medical Offices,Alteration,85000,43.22122,-79.88429,18-105117-00 C3
2018-05,270 Longwood Road South,,Hamilton,Laboratory - Industrial,Alteration,,43.25461,-79.90266,18-106408-01 I3
2018-05,701 Upper Sherman Avenue,,Hamilton,Nursing Homes,Alteration,2000,43.22605,-79.84947,18-113189-00 G3
2018-05,301 Fruitland Road,,Stoney Creek,Medical Offices,Backflow Preventer,2500,43.22216,-79.70131,18-113791-00 PPP
2018-04,270 Longwood Road South,,Hamilton,Laboratory - Industrial,Alteration,,43.25461,-79.90266,17-124905-01 I3
2018-04,270 Longwood Road South,,Hamilton,Laboratory - Industrial,Alteration,10000,43.25461,-79.90266,18-106408-00 I3
2018-04,277 Stone Church Road East,,Hamilton,Nursing Homes,Alteration,75000,43.20834,-79.87684,18-108192-00 G3
2018-04,681 Mud Street East,,Stoney Creek,Laboratory - Industrial,Foundation,,43.1751,-79.70685,18-110002-00 I3
2018-03,2257 Rymal Road East,,Stoney Creek,Medical Offices,Alteration,75000,43.17416,-79.77907,18-105811-00 C9
2018-02,1508 Upper James Street,,Hamilton,Dental Offices,Alteration,80000,43.20608,-79.89215,18-100897-00 C3
2018-01,41 South Street West,,Dundas,Nursing Homes,Alteration,500000,43.25986,-79.94927,17-132383-00 G3
2018-01,701 Upper Sherman Avenue,,Hamilton,Nursing Homes,Alteration,150000,43.22605,-79.84947,17-133708-00 G3
2018-01,2255 Barton Street East,,Hamilton,Laboratory - Commercial,Alteration,140000,43.23971,-79.77096,17-134301-00 C3
2018-01,2280 Barton Street East,,Hamilton,Laboratory - Industrial,Backflow Preventer,10000,43.23642,-79.76991,17-135130-00 PPP
2018-01,2280 Barton Street East,,Hamilton,Laboratory - Industrial,Backflow Preventer,5000,43.23642,-79.76991,18-101252-00 PPP
2017-12,1338 South Service Road,,Stoney Creek,Dental Offices,Alteration,80000,43.21698,-79.64165,17-125130-00 C9
2017-11,340 York Boulevard,,Hamilton,Dental Offices,Alteration,,43.26407,-79.87858,17-108550-01 C3
2017-11,270 Longwood Road South,,Hamilton,Laboratory - Industrial,Alteration,1200000,43.25461,-79.90266,17-124905-00 I3
2017-10,700 Woodward Avenue,,Hamilton,Laboratory - Industrial,Addition (NR),500000,43.25276,-79.77366,17-120214-00 I3
2017-10,700 Woodward Avenue,,Hamilton,Laboratory - Industrial,New Construction,200000,43.25276,-79.77366,17-122512-00 I3
2017-08,369 Highway No. 8,,Stoney Creek,Dental Offices,Alteration,200000,43.21955,-79.72538,17-120078-00 C3
2017-07,141 King Street East,,Stoney Creek,Dental Offices,Alteration,,43.21778,-79.74764,15-118257-01 C9
2017-07,170 Rockhaven Lane,,Flamborough,Medical Offices,Alteration,100000,43.33438,-79.90187,17-113650-00 C3
2017-07,329 Parkside Drive,,Flamborough,Nursing Homes,Backflow Preventer,10000,43.34116,-79.89957,17-115776-00 PPP
2017-06,825 North Service Road,,Stoney Creek,Medical Offices,Alteration,80000,43.22845,-79.68094,17-102947-00 C3
2017-06,1144 Wilson Street West,,Ancaster,Medical Offices,Alteration,35000,43.197,-80.01851,17-108664-00 C3
2017-06,905 Rymal Road East,,Hamilton,Medical Offices,Alteration,100000,43.19336,-79.85254,17-111572-00 C3
2017-06,200 Longwood Road South,,Hamilton,Laboratory - Industrial,Alteration,40000,43.25572,-79.90231,17-111838-00 I3
2017-06,45 Lockton Crescent,,Hamilton,Nursing Homes,Alteration,250000,43.21156,-79.84743,17-112881-00 G3
2017-05,825 North Service Road,,Stoney Creek,Medical Offices,Alteration,80000,43.22845,-79.68094,17-105387-00 C3
2017-05,340 York Boulevard,,Hamilton,Dental Offices,Alteration,90000,43.26407,-79.87858,17-108550-00 C3
2017-05,825 North Service Road,,Stoney Creek,Medical Offices,Alteration,3500,43.22845,-79.68094,17-110787-00 C3
2017-04,263 Mohawk Road West,,Hamilton,Medical Offices,Alteration,5000,43.23046,-79.89146,17-101552-00 C9
2017-04,270 Longwood Road South,,Hamilton,Laboratory - Industrial,Alteration,50000,43.25461,-79.90266,17-106060-00 I3
2017-02,666 Upper James Street,,Hamilton,Medical Offices,Alteration,30000,43.23532,-79.87918,16-127591-01 C9
2017-02,117 Market Street,,Hamilton,Laboratory - Industrial,Alteration,100000,43.25923,-79.87514,16-133461-00 I9
2017-02,30 Rymal Road East,,Hamilton,Medical Offices,Alteration,200000,43.20175,-79.89184,16-134142-00 C3
2017-02,849 Upper Wentworth Street,,Hamilton,Medical Offices,Alteration,120000,43.22185,-79.86106,17-101819-00 C3
2017-01,419 Dundas Street East,,Flamborough,Medical Offices,Alteration,100000,43.34088,-79.88435,16-133875-00 C3
2017-01,49 East Avenue South,,Hamilton,Dental Offices,Alteration,21387,43.25128,-79.85586,16-135047-00 C9
2017-01,230 James Street South,,Hamilton,Medical Offices,Alteration,70000,43.24965,-79.87239,16-135099-00 C9
2016-12,9 Lake Avenue South,,Stoney Creek,Medical Offices,New Construction,,43.21621,-79.75802,16-106814-01 C9
2016-12,1662 Upper James Street,,Hamilton,Medical Offices,Alteration,,43.20094,-79.89477,16-126816-01 C9
2016-12,230 James Street South,,Hamilton,Medical Offices,Alteration,85000,43.24965,-79.87239,16-129439-00 C9
2016-12,133 King Street West,,Dundas,Medical Offices,Alteration,120000,43.26702,-79.95953,16-131524-00 C3
2016-11,270 Longwood Road South,,Hamilton,Laboratory - Industrial,Alteration,13900000,43.25461,-79.90266,16-120169-00 I3
2016-11,847 Barton Street East,,Hamilton,Medical Offices,Alteration,25000,43.25487,-79.82797,16-126462-00 C3
2016-11,666 Upper James Street,,Hamilton,Medical Offices,Alteration,30000,43.23532,-79.87918,16-127591-00 C9
2016-11,1508 Upper James Street,,Hamilton,Medical Offices,Alteration,41000,43.20608,-79.89215,16-131351-00 C3
2016-10,602 Tradewind Drive,,Ancaster,Laboratory - Industrial,Alteration,28500,43.19022,-80.03087,16-124623-00 I9
2016-10,1662 Upper James Street,,Hamilton,Medical Offices,Alteration,85000,43.20094,-79.89477,16-126816-00 C9
2016-10,230 James Street South,,Hamilton,Dental Offices,Tenant Improve,90000,43.24965,-79.87239,16-126875-00 C9
2016-10,1662 Upper James Street,,Hamilton,Medical Offices,Alteration,37600,43.20094,-79.89477,16-127205-00 C9
2016-10,612 King Street West,,Hamilton,Medical Offices,Addition (NR),550700,43.26223,-79.88683,16-127458-00 C3
2016-09,700 Woodward Avenue,,Hamilton,Laboratory - Industrial,Alteration,1000000,43.25276,-79.77366,16-113958-00 I3
2016-09,49 East Avenue South,,Hamilton,Dental Offices,Alteration,6000,43.25128,-79.85586,16-117959-00 C9
2016-08,700 Woodward Avenue,,Hamilton,Laboratory - Industrial,Addition (NR),1900000,43.25276,-79.77366,16-113600-00 I3
2016-08,1050 Paramount Drive,,Stoney Creek,Medical Offices,Alteration,250000,43.19933,-79.79413,16-115829-00 C3
2016-08,265 James Street North,,Hamilton,Medical Offices,Alteration,10000,43.26332,-79.86634,16-116906-01 C3
2016-07,141 King Street East,,Stoney Creek,Dental Offices,Alteration,450000,43.21778,-79.74764,15-118257-00 C9
2016-07,323 Upper Wentworth Street,,Hamilton,Medical Offices,Alteration,150000,43.24154,-79.85335,16-109438-00 C3
2016-07,1031 Barton Street East,,Hamilton,Dental Offices,Alteration,200000,43.2522,-79.81827,16-110383-00 C3
2016-07,25 Redmond Drive,,Hamilton,Medical Offices,Alteration,5000,43.20589,-79.86474,16-116601-00 C3
2016-07,265 James Street North,,Hamilton,Medical Offices,Alteration,10000,43.26332,-79.86634,16-116906-00 C3
2016-06,9 Lake Avenue South,,Stoney Creek,Medical Offices,New Construction,,43.21621,-79.75802,16-106814-00 C3
2016-06,1015 Golf Links Road,,Ancaster,Medical Offices,Alteration,300000,43.2281,-79.94075,16-107910-00 C3
2016-06,196 George Street,,Hamilton,Dental Offices,Alteration,420725,43.25971,-79.8819,16-108304-00 C9
2016-06,101 Creighton Road,,Dundas,Nursing Homes,Alteration,5000,43.2611,-79.968,16-113498-00 G3
2016-06,277 Stone Church Road East,,Hamilton,Nursing Homes,Alteration,1493,43.20834,-79.87684,16-116603-00 G3
2016-05,788 Upper Ottawa Street,,Hamilton,Dental Offices,Alteration,100000,43.21752,-79.83326,15-128116-00 C9
2016-04,118 George Street,,Hamilton,Medical Offices,Alteration,15000,43.25856,-79.87882,16-108837-00 C9
2016-03,16 McMurray Street,,Dundas,Medical Offices,Alteration,,43.26607,-79.95883,13-118254-00 C9
2016-03,100 Dundas Street East,,Flamborough,Medical Offices,Alteration,55000,43.31745,-79.90897,15-123657-01 C3
2016-03,56 Governor's Road,,Dundas,Nursing Homes,Alteration,20000,43.26185,-79.95782,16-100166-00 G3
2016-03,849 Upper Wentworth Street,,Hamilton,Medical Offices,Addition (NR),25000,43.22185,-79.86106,16-104043-00 C3
2016-03,510 Concession Street,,Hamilton,Medical Offices,Alteration,35000,43.24139,-79.85453,16-105959-00 C3
2016-02,100 Dundas Street East,,Flamborough,Medical Offices,Alteration,55000,43.31745,-79.90897,15-123657-00 C3
2016-01,106 Highway No. 8,,Stoney Creek,Dental Offices,Tenant Improve,500000,43.22375,-79.7476,15-130041-00 C3
2015-12,701 Upper Sherman Avenue,,Hamilton,Nursing Homes,Alteration,24000,43.22605,-79.84947,15-126744-00 G3
2015-12,1172 Wilson Street West,,Ancaster,Dental Offices,Alteration,30000,43.19662,-80.01994,15-127623-00 C3
2015-11,788 Upper Ottawa Street,,Hamilton,Medical Offices,Alteration,,43.21752,-79.83326,15-120289-01 C9
2015-11,556 Upper Wentworth Street,,Hamilton,Dental Offices,Alteration,80000,43.23449,-79.85742,15-123212-00 C9
2015-11,118 Market Street,,Hamilton,Nursing Homes,Backflow Preventer,9000,43.25947,-79.87479,15-124814-00 PPP
2015-11,419 Dundas Street East,,Flamborough,Medical Offices,Alteration,50000,43.34088,-79.88435,15-125475-00 C3
2015-11,41 South Street West,,Dundas,Nursing Homes,Alteration,24000,43.25986,-79.94927,15-126749-00 G3
2015-10,835 Paramount Drive,,Stoney Creek,Medical Offices,Alteration,250000,43.19269,-79.80681,15-117546-00 C3
2015-10,788 Upper Ottawa Street,,Hamilton,Medical Offices,Alteration,60000,43.21752,-79.83326,15-120289-00 C9
2015-10,145 Hamilton Street North,,Flamborough,Dental Offices,Alteration,3600,43.33378,-79.89961,15-121438-00 C3
2015-09,57 John Street West,,Flamborough,Nursing Homes,Alteration,2540,43.33516,-79.89811,15-112864-00 G3
2015-08,353 Isaac Brock Drive,,Stoney Creek,Nursing Homes,Alteration,95000,43.19355,-79.7895,15-116714-00 G3
2015-08,56 Governor's Road,,Dundas,Nursing Homes,Alteration,90000,43.26185,-79.95782,15-116964-00 G3
2015-08,288 Dundas Street East,,Flamborough,Medical Offices,Alteration,20000,43.33165,-79.89434,15-118251-00 C9
2015-07,1447 Upper Ottawa Street,,Hamilton,Medical Offices,Alteration,30000,43.19615,-79.84105,15-108988-00 C3
2015-07,153 Main Street West,,Hamilton,Dental Offices,Alteration,48251,43.25677,-79.87617,15-110985-00 C9
2015-07,329 Parkside Drive,,Flamborough,Nursing Homes,Alteration,55000,43.34116,-79.89957,15-113475-00 G3
2015-06,353 Isaac Brock Drive,,Stoney Creek,Nursing Homes,Addition (NR),4500000,43.19355,-79.7895,15-107024-00 G3
2015-06,360 Queenston Road,,Hamilton,Medical Offices,Alteration,30000,43.23305,-79.78843,15-108613-00 C9
2015-06,701 Upper Sherman Avenue,,Hamilton,Nursing Homes,Backflow Preventer,7700,43.22605,-79.84947,15-110732-00 PPP
2015-06,701 Upper Sherman Avenue,,Hamilton,Nursing Homes,Backflow Preventer,7700,43.22605,-79.84947,15-110734-00 PPP
2015-05,145 Hamilton Street North,,Flamborough,Dental Offices,Alteration,450000,43.33378,-79.89961,15-107314-00 C3
2015-05,353 Isaac Brock Drive,,Stoney Creek,Nursing Homes,Alteration,2000000,43.19355,-79.7895,15-111174-00 G3
2015-04,353 Isaac Brock Drive,,Stoney Creek,Nursing Homes,Addition (NR),500000,43.19355,-79.7895,14-124785-00 G3
2015-04,666 Upper James Street,,Hamilton,Medical Offices,Alteration,,43.23532,-79.87918,14-126392-00 C9
2015-04,279 Dundas Street East,,Flamborough,Dental Offices,Alteration,110000,43.3316,-79.89545,15-105674-00 C3
2015-02,701 Upper Sherman Avenue,,Hamilton,Nursing Homes,Addition (NR),5750000,43.22605,-79.84947,14-132346-00 G3
2015-02,15 Lockport Way,,Stoney Creek,Medical Offices,Alteration,50000,43.21833,-79.63348,14-134964-00 C3
2015-02,516 Centennial Parkway North,,Hamilton,Medical Offices,Alteration,90000,43.24209,-79.75632,15-102222-00 C3
2015-01,2537 Regional Road 56,,Glanbrook,Dental Offices,New Construction,,43.1245,-79.80218,14-133342-00 C3
2015-01,690 Main Street West,,Hamilton,Medical Offices,Alteration,20000,43.26019,-79.89818,14-136048-00 C3
2014-12,910 Queenston Road,,Stoney Creek,Dental Offices,Alteration,100000,43.22571,-79.756,14-131686-00 C3
2014-12,133 King Street West,,Dundas,Medical Offices,Alteration,13060,43.26702,-79.95953,14-133643-00 C3
2014-11,310 Beach Road,,Hamilton,Medical Offices,New Construction,1600000,43.25562,-79.81399,14-128551-00 C3
2014-11,282 Fennell Avenue West,,Hamilton,Laboratory - Commercial,Alteration,375000,43.24111,-79.89009,14-129823-00 C3
2014-11,2537 Regional Road 56,,Glanbrook,Medical Offices,New Construction,10000,43.1245,-79.80218,14-130941-00 C3
2014-10,70 Macklin Street North,,Hamilton,Nursing Homes,Alteration,113012,43.2644,-79.89509,14-126145-00 G3
2014-10,41 Brockley Drive,,Hamilton,Laboratory - Industrial,Alteration,50000,43.23648,-79.7476,14-130605-00 I3
2014-09,175 Longwood Road South,,Hamilton,Laboratory - Commercial,Alteration,,43.25689,-79.9009,14-118352-01 C3
2014-08,701 Main Street West,,Hamilton,Medical Offices,Alteration,100000,43.25975,-79.89757,14-118728-00 C3
2014-08,621 Barton Street,,Stoney Creek,Medical Offices,Alteration,110000,43.22318,-79.70175,14-122494-00 C3
2014-08,45 Lockton Crescent,,Hamilton,Nursing Homes,Alteration,106732,43.21156,-79.84743,14-123277-00 G3
2014-07,1144 Wilson Street West,,Ancaster,Medical Offices,Alteration,60000,43.197,-80.01851,13-109590-01 C3
2014-07,574 Upper James Street,,Hamilton,Medical Offices,Alteration,10000,43.24012,-79.87716,14-117461-00 C9
2014-07,175 Longwood Road South,,Hamilton,Laboratory - Commercial,Alteration,142900,43.25689,-79.9009,14-118352-00 C3
2014-07,311 Wilson Street East,,Ancaster,Medical Offices,Alteration,45000,43.22592,-79.97726,14-121510-00 C9
2014-06,200 Longwood Road South,,Hamilton,Laboratory - Industrial,Alteration,92700,43.25572,-79.90231,14-118360-00 I3
2014-06,11 Mill Street South,,Flamborough,Dental Offices,Backflow Preventer,2900,43.33431,-79.89091,14-119407-00 PPP
2014-06,70 Macklin Street North,,Hamilton,Nursing Homes,Alteration,40000,43.2644,-79.89509,14-119440-00 G3
2014-05,35 Upper Centennial Parkway,,Stoney Creek,Medical Offices,Alteration,,43.17626,-79.77642,12-123262-01 C3
2014-05,11 Mill Street South,,Flamborough,Dental Offices,Alteration,15000,43.33431,-79.89091,13-119227-00 C9
2014-05,11 Mill Street South,,Flamborough,Dental Offices,Alteration,200000,43.33431,-79.89091,13-120557-00 C9
2014-05,70 Macklin Street North,,Hamilton,Nursing Homes,Backflow Preventer,2000,43.2644,-79.89509,13-121754-01 PPP
2014-05,415 King Street East,,Hamilton,Dental Offices,Alteration,200000,43.25343,-79.85689,14-100519-01 C9
2014-05,41 South Street West,,Dundas,Nursing Homes,New Construction,36000,43.25986,-79.94927,14-114450-00 G3
2014-05,35 Upper Centennial Parkway,,Stoney Creek,Dental Offices,Alteration,6000,43.17626,-79.77642,14-116233-00 C3
2014-04,321 Queenston Road,,Hamilton,Dental Offices,Alteration,20000,43.23398,-79.79001,13-120525-00 C9
2014-03,79 Lynden Road,,Flamborough,Medical Offices,Addition (NR),50000,43.23398,-80.14669,13-122153-00 C9
2014-03,385 Highland Road West,,Stoney Creek,Nursing Homes,Backflow Preventer,17105,43.18786,-79.80295,13-124271-00 PPP
2014-03,35 Upper Centennial Parkway,,Stoney Creek,Dental Offices,New Construction,130000,43.17626,-79.77642,14-100377-00 C3
2014-03,415 King Street East,,Hamilton,Dental Offices,Alteration,200000,43.25343,-79.85689,14-100519-00 C9
2014-03,642 Upper James Street,,Hamilton,Dental Offices,Alteration,50000,43.23704,-79.87842,14-101367-00 C9
2014-02,56 Governor's Road,,Dundas,Nursing Homes,Alteration,1750000,43.26185,-79.95782,14-100023-00 G3
2014-02,631 Queenston Road,,Hamilton,Dental Offices,Backflow Preventer,2500,43.23102,-79.77504,14-101431-00 PPP
2013-12,1423 Upper Ottawa Street,,Hamilton,Medical Offices,Alteration,168457,43.19751,-79.84051,13-120899-00 C3
2013-12,1320 Barton Street East,,Hamilton,Medical Offices,Alteration,1500000,43.24908,-79.80675,13-121297-00 C3
2013-12,70 Macklin Street North,,Hamilton,Nursing Homes,Backflow Preventer,2000,43.2644,-79.89509,13-121754-00 PPP
2013-12,15 Lockport Way,,Stoney Creek,Dental Offices,Alteration,140000,43.21833,-79.63348,13-122098-00 C3
2013-12,11 Rebecca Street,,Hamilton,Dental Offices,Alteration,15000,43.25842,-79.86764,13-122646-00 C3
2013-11,323 Wilson Street East,,Ancaster,Medical Offices,Backflow Preventer,5000,43.22635,-79.97693,12-111875-00 PPP
2013-11,3 Wilson Street East,,Ancaster,Medical Offices,Backflow Preventer,5000,43.21839,-79.9871,12-111886-00 PPP
2013-11,54 King Street East,,Stoney Creek,Medical Offices,Alteration,60000,43.21604,-79.75517,13-113032-01 C9
2013-11,419 Dundas Street East,,Flamborough,Dental Offices,Alteration,120000,43.34088,-79.88435,13-116634-00 C3
2013-11,62 King Street West,,Dundas,Medical Offices,Alteration,50000,43.26619,-79.95642,13-117085-00 C9
2013-11,849 Upper Wentworth Street,,Hamilton,Medical Offices,Alteration,65000,43.22185,-79.86106,13-119004-00 C3
2013-11,35 Upper Centennial Parkway,,Stoney Creek,Medical Offices,Alteration,10000,43.17626,-79.77642,13-121041-00 C3
2013-11,35 Upper Centennial Parkway,,Stoney Creek,Medical Offices,Alteration,10000,43.17626,-79.77642,13-121042-00 C3
2013-11,35 Upper Centennial Parkway,,Stoney Creek,Medical Offices,Alteration,10000,43.17626,-79.77642,13-121070-00 C3
2013-11,39 Mary Street,,Hamilton,Nursing Homes,Alteration,,43.25644,-79.86392,13-121427-00 G3
2013-10,35 Upper Centennial Parkway,,Stoney Creek,Medical Offices,Alteration,,43.17626,-79.77642,12-123262-00 C3
2013-10,54 King Street East,,Stoney Creek,Medical Offices,Alteration,60000,43.21604,-79.75517,13-113032-00 C9
2013-10,11 Rebecca Street,,Hamilton,Dental Offices,Alteration,160000,43.25842,-79.86764,13-114735-00 C3
2013-10,518 Centennial Parkway North,,Hamilton,Dental Offices,Alteration,230000,43.242,-79.75594,13-116720-00 C3
2013-10,35 Upper Centennial Parkway,,Stoney Creek,Medical Offices,Alteration,10000,43.17626,-79.77642,13-120949-00 C3
2013-09,311 Fruitland Road,,Stoney Creek,Dental Offices,Alteration,400000,43.22294,-79.70048,13-113833-00 C3
2013-09,849 Upper Wentworth Street,,Hamilton,Medical Offices,Alteration,100000,43.22185,-79.86106,13-113890-00 C3
2013-09,115 Hamilton Street North,,Flamborough,Medical Offices,Alteration,100000,43.3355,-79.90245,13-116523-00 C9
2013-09,21 Hatt Street,,Dundas,Nursing Homes,New Construction,6000,43.26501,-79.95512,13-117697-00 G3
2013-08,23 King Street East,,Dundas,Medical Offices,Alteration,86000,43.26604,-79.95229,13-110064-00 C3
2013-08,701 Upper Sherman Avenue,,Hamilton,Nursing Homes,Repair,82800,43.22605,-79.84947,13-113231-00 G3
2013-08,800 Queenston Road,,Stoney Creek,Medical Offices,Alteration,150000,43.22764,-79.76579,13-113256-00 C3
2013-08,849 Upper Wentworth Street,,Hamilton,Medical Offices,Alteration,6000,43.22185,-79.86106,13-113450-00 C3
2013-08,35 Upper Centennial Parkway,,Stoney Creek,Medical Offices,Alteration,100000,43.17626,-79.77642,13-113618-00 C3
2013-08,710 South Service Road,,Stoney Creek,Laboratory - Commercial,Backflow Preventer,3000,43.22805,-79.69211,13-113622-00 PPP
2013-07,277 Stone Church Road East,,Hamilton,Nursing Homes,New Construction,,43.20834,-79.87684,12-104685-01 G3
2013-07,710 South Service Road,,Stoney Creek,Laboratory - Commercial,Alteration,,43.22805,-79.69211,13-100493-01 C3
2013-07,330 Main Street East,,Hamilton,Nursing Homes,Alteration,6000,43.25178,-79.85687,13-109026-00 G3
2013-06,225 Bay Street South,,Hamilton,Dental Offices,Addition (NR),200000,43.25133,-79.87636,12-121143-00 C9
2013-06,726 Upper James Street,,Hamilton,Medical Offices,Alteration,200000,43.23127,-79.88118,13-107475-00 C9
2013-06,710 South Service Road,,Stoney Creek,Laboratory - Commercial,Alteration,21000,43.22805,-79.69211,13-108213-00 C3
2013-06,101 Creighton Road,,Dundas,Nursing Homes,Addition (NR),17000,43.2611,-79.968,13-108235-00 G3
2013-06,621 Barton Street,,Stoney Creek,Medical Offices,Alteration,40000,43.22318,-79.70175,13-108672-00 C3
2013-06,1144 Wilson Street West,,Ancaster,Medical Offices,Alteration,60000,43.197,-80.01851,13-109590-00 C3
2013-05,270 Longwood Road South,,Hamilton,Laboratory - Industrial,Alteration,,43.25461,-79.90266,12-100152-01 I3
2013-05,270 Longwood Road South,,Hamilton,Laboratory - Industrial,Alteration,152000,43.25461,-79.90266,12-121643-00 I3
2013-05,270 Longwood Road South,,Hamilton,Laboratory - Industrial,Alteration,1500000,43.25461,-79.90266,13-100681-00 I3
2013-05,41 Bittern Street,,Ancaster,Laboratory - Industrial,Alteration,,43.19032,-80.02248,13-106704-00 I3
2013-05,125 Wentworth Street South,,Hamilton,Nursing Homes,Alteration,22525,43.24791,-79.85048,13-106822-00 G3
2013-04,604 Highway No. 8,,Stoney Creek,Dental Offices,Addition (NR),10000,43.21372,-79.70733,12-123270-00 C9
2013-04,41 Bittern Street,,Ancaster,Laboratory - Industrial,Alteration,2700000,43.19032,-80.02248,12-125068-00 I3
2013-04,70 Macklin Street North,,Hamilton,Nursing Homes,Alteration,45000,43.2644,-79.89509,13-102327-00 G3
2013-04,327 Queenston Road,,Hamilton,Medical Offices,Alteration,200000,43.23382,-79.78939,13-104955-00 C9
2013-03,88 Wentworth Street South,,Hamilton,Medical Offices,Alteration,8000,43.24981,-79.85029,12-125436-00 C9
2013-03,1423 Upper Ottawa Street,,Hamilton,Medical Offices,Alteration,160000,43.19751,-79.84051,12-125587-00 C3
2013-03,710 South Service Road,,Stoney Creek,Laboratory - Commercial,Alteration,500000,43.22805,-79.69211,13-100493-00 C3
2013-03,304 Victoria Avenue North,,Hamilton,Medical Offices,Alteration,25000,43.26216,-79.85235,13-102428-00 C3
2013-03,804 Upper Gage Avenue,,Hamilton,Dental Offices,Repair,50000,43.21979,-79.84312,13-103970-00 C3
2013-03,330 Main Street East,,Hamilton,Nursing Homes,Alteration,25000,43.25178,-79.85687,13-103987-00 G3
2013-02,480 Stone Church Road East,,Hamilton,Dental Offices,Tenant Improve,40000,43.20574,-79.86906,12-121749-00 C3
2013-02,330 Main Street East,,Hamilton,Nursing Homes,Alteration,164000,43.25178,-79.85687,12-124787-00 G3
2013-02,42 Keefer Court,,Hamilton,Laboratory - Industrial,Alteration,50000,43.2445,-79.7603,12-125135-00 I3
2013-02,41 South Street West,,Dundas,Nursing Homes,New Construction,150000,43.25986,-79.94927,12-125642-00 G3
2013-02,52 Cannon Street West,,Hamilton,Dental Offices,Alteration,130000,43.26145,-79.86951,13-101144-00 C9
2013-02,70 Melvin Avenue,,Hamilton,Dental Offices,Backflow Preventer,2500,43.24428,-79.79393,13-101656-00 PPP
2013-02,526 Upper Paradise Road,,Hamilton,Nursing Homes,Backflow Preventer,8000,43.23181,-79.91367,13-103299-00 PPP
2013-01,188 Barton Street,,Stoney Creek,Medical Offices,Alteration,30000,43.23168,-79.73786,12-124274-00 C3
2013-01,521 Highway No. 8,,Stoney Creek,Medical Offices,Alteration,60000,43.21625,-79.71378,12-124509-00 C3
2013-01,1281 Mohawk Road,,Ancaster,Dental Offices,Backflow Preventer,5000,43.23351,-79.93217,12-124913-00 PPP
2013-01,516 Upper James Street,,Hamilton,Dental Offices,Backflow Preventer,1200,43.24222,-79.87627,12-125337-00 PPP
2013-01,575 Upper James Street,,Hamilton,Dental Offices,Backflow Preventer,3000,43.24034,-79.87635,12-125396-00 PPP
2012-12,289 York Boulevard,,Hamilton,Dental Offices,Alteration,50000,43.26237,-79.87704,12-118588-00 C9
2012-12,183 Hughson Street South,,Hamilton,Dental Offices,Backflow Preventer,3000,43.24996,-79.87036,12-124650-00 PPP
2012-12,47 Cootes Drive,,Dundas,Medical Offices,Backflow Preventer,4000,43.26568,-79.9458,12-124772-00 PPP
2012-12,47 Cootes Drive,,Dundas,Medical Offices,Backflow Preventer,4000,43.26568,-79.9458,12-124790-00 PPP
2012-11,183 Longwood Road South,,Hamilton,Laboratory - Industrial,Alteration,49500,43.25601,-79.9011,12-121294-00 I3
2012-11,634 Stone Church Road West,,Hamilton,Medical Offices,Backflow Preventer,2000,43.21867,-79.91738,12-123439-00 PPP
2012-11,850 King Street East,,Hamilton,Dental Offices,Backflow Preventer,3000,43.2512,-79.84074,12-122845-00 PPP
2012-11,526 Upper Paradise Road,,Hamilton,Nursing Homes,Backflow Preventer,6520,43.23181,-79.91367,12-123146-00 PPP
2012-10,1036 Upper James Street,,Hamilton,Dental Offices,Alteration,50000,43.22157,-79.88503,10-190915-00 C9
2012-10,1144 Wilson Street West,,Ancaster,Medical Offices,Alteration,20000,43.197,-80.01851,12-116706-00 C3
2012-10,999 Upper Wentworth Street,,Hamilton,Medical Offices,Alteration,45000,43.21616,-79.8629,12-117395-00 C3
2012-10,4 King Street East,,Stoney Creek,Dental Offices,Backflow Preventer,7000,43.21661,-79.7577,12-119678-00 PPP
2012-10,183 Longwood Road South,,Hamilton,Laboratory - Industrial,Alteration,47100,43.25601,-79.9011,12-119748-00 I3
2012-10,1288 Mohawk Road,,Ancaster,Medical Offices,Backflow Preventer,2500,43.2329,-79.93175,12-120137-00 PPP
2012-10,21 Parkdale Avenue South,,Hamilton,Dental Offices,Backflow Preventer,3000,43.23558,-79.79206,12-120142-00 PPP
2012-10,260 Nebo Road,,Hamilton,Medical Offices,Backflow Preventer,2400,43.19161,-79.83893,12-120216-00 PPP
2012-10,121 Hatt Street,,Dundas,Dental Offices,Backflow Preventer,2900,43.26618,-79.95928,12-120746-00 PPP
2012-10,231 King Street West,,Dundas,Dental Offices,Backflow Preventer,2900,43.2682,-79.96402,12-120750-00 PPP
2012-10,2273 Upper James Street,,Glanbrook,Medical Offices,Backflow Preventer,5000,43.18201,-79.90192,12-120778-00 PPP
2012-09,1262 Highway No. 8,,Stoney Creek,Dental Offices,Alteration,100000,43.20751,-79.65185,12-105177-01 C9
2012-09,101 Creighton Road,,Dundas,Nursing Homes,Addition (NR),,43.2611,-79.968,12-105384-01 G3
2012-09,198 Barton Street,,Stoney Creek,Medical Offices,New Construction,2200000,43.2316,-79.73696,12-114807-00 C3
2012-09,6 Sydenham Street,,Dundas,Dental Offices,Backflow Preventer,2900,43.26688,-79.95692,12-117682-00 PPP
2012-08,80 Queen Street North,,Hamilton,Nursing Homes,Alteration,29026,43.26135,-79.87753,12-113014-00 G3
2012-08,27 Legend Court,,Ancaster,Medical Offices,Alteration,100000,43.22747,-79.94919,12-113951-00 C3
2012-08,70 Macklin Street North,,Hamilton,Nursing Homes,New Construction,50000,43.2644,-79.89509,12-113982-00 G3
2012-08,111 Highway No. 8,,Stoney Creek,Medical Offices,Backflow Preventer,3000,43.22465,-79.74751,12-114520-00 PPP
2012-08,1493 Centre Road,,Flamborough,Medical Offices,Alteration,210000,43.39502,-79.98249,12-115173-00 C9
2012-08,1632 Upper James Street,,Hamilton,Dental Offices,Backflow Preventer,2000,43.20201,-79.89429,12-115260-00 PPP
2012-08,701 Main Street West,,Hamilton,Dental Offices,Alteration,1300,43.25975,-79.89757,12-115383-00 C3
2012-08,67 Kenilworth Avenue North,,Hamilton,Medical Offices,Backflow Preventer,2900,43.24247,-79.8094,12-115612-00 PPP
2012-08,99 Fiddler's Green Road,,Ancaster,Dental Offices,Backflow Preventer,2200,43.21632,-79.98645,12-117136-00 PPP
2012-07,1262 Highway No. 8,,Stoney Creek,Dental Offices,Alteration,100000,43.20751,-79.65185,12-105177-00 C9
2012-07,14 John Street North,,Hamilton,Medical Offices,Alteration,25000,43.25633,-79.86612,12-110602-00 C9
2012-07,183 Longwood Road South,,Hamilton,Laboratory - Industrial,Alteration,77000,43.25601,-79.9011,12-111869-00 I3
2012-07,199 Glover Road,,Stoney Creek,Nursing Homes,Backflow Preventer,2500,43.21015,-79.68304,12-112216-00 PPP
2012-07,39 Mary Street,,Hamilton,Nursing Homes,Backflow Preventer,2500,43.25644,-79.86392,12-112221-00 PPP
2012-07,212 James Street South,,Hamilton,Dental Offices,Alteration,6500,43.25033,-79.87223,12-112791-00 C9
2012-06,538 Upper Wellington Street,,Hamilton,Medical Offices,Tenant Improve,100000,43.2395,-79.86672,12-107037-00 C3
2012-06,304 Victoria Avenue North,,Hamilton,Medical Offices,Tenant Improve,75000,43.26216,-79.85235,12-109095-00 C3
2012-06,1015 Golf Links Road,,Ancaster,Dental Offices,Alteration,100000,43.2281,-79.94075,12-109932-00 C3
2012-06,900 King Street East,,Hamilton,Medical Offices,Backflow Preventer,2000,43.25115,-79.83979,12-111081-00 PPP
2012-05,370 Main Street East,,Hamilton,Medical Offices,Alteration,,43.25137,-79.85521,11-120479-01 C3
2012-05,277 Stone Church Road East,,Hamilton,Nursing Homes,New Construction,50000,43.20834,-79.87684,12-104685-00 G3
2012-05,101 Creighton Road,,Dundas,Nursing Homes,Addition,200000,43.2611,-79.968,12-105384-00 G3
2012-05,1447 Upper Ottawa Street,,Hamilton,Medical Offices,Alteration,30000,43.19615,-79.84105,12-106751-00 C3
2012-05,1144 Wilson Street West,,Ancaster,Medical Offices,Alteration,100000,43.197,-80.01851,12-107339-00 C3
2012-05,1 Young Street,,Hamilton,Medical Offices,Backflow Preventer,4440,43.25137,-79.87101,12-107683-00 PPP
2012-05,570 King Street West,,Hamilton,Nursing Homes,Backflow Preventer,2500,43.26191,-79.88582,12-110059-00 PPP
2012-05,570 King Street West,,Hamilton,Nursing Homes,Backflow Preventer,2500,43.26191,-79.88582,12-110072-00 PPP
2012-04,2799 Barton Street East,,Hamilton,Dental Offices,Alteration,25000,43.23334,-79.74229,11-120684-00 C3
2012-04,2800 Library Lane,,Glanbrook,Nursing Homes,Backflow Preventer,,43.12237,-79.80218,11-121805-01 PPP
2012-04,701 Upper Sherman Avenue,,Hamilton,Nursing Homes,Alteration,40000,43.22605,-79.84947,11-122650-00 G3
2012-04,717 Woodward Avenue,,Hamilton,Laboratory - Industrial,Backflow Preventer,,43.25257,-79.77556,12-104371-01 PPP
2012-04,260 Nebo Road,,Hamilton,Medical Offices,Alteration,200000,43.19161,-79.83893,12-104675-00 C3
2012-04,125 Wentworth Street South,,Hamilton,Nursing Homes,Alteration,39862,43.24791,-79.85048,12-105499-00 G3
2012-04,1116 Barton Street East,,Hamilton,Dental Offices,Backflow Preventer,2300,43.25091,-79.81502,12-106080-00 PPP
2012-04,346 Upper Ottawa Street,,Hamilton,Dental Offices,Backflow Preventer,3000,43.23133,-79.82739,12-106773-00 PPP
2012-04,1493 Centre Road,,Flamborough,Medical Offices,Backflow Preventer,5000,43.39502,-79.98249,12-106784-00 PPP
2012-04,505 King Street West,,Hamilton,Medical Offices,Backflow Preventer,3000,43.26072,-79.88403,12-107341-00 PPP
2012-03,270 Longwood Road South,,Hamilton,Laboratory - Industrial,Alteration,15884500,43.25461,-79.90266,12-100152-00 I3
2012-03,1043 King Street West,,Hamilton,Dental Offices,Alteration,150000,43.26132,-79.90673,12-102568-00 C9
2012-03,738 Upper James Street,,Hamilton,Medical Offices,Backflow Preventer,2300,43.23036,-79.8814,12-103096-00 PPP
2012-03,612 King Street West,,Hamilton,Medical Offices,Backflow Preventer,2430,43.26223,-79.88683,12-103811-00 PPP
2012-03,717 Woodward Avenue,,Hamilton,Laboratory - Industrial,Backflow Preventer,2000,43.25257,-79.77556,12-104371-00 PPP
2012-03,75 Main Street,,Dundas,Laboratory - Industrial,Backflow Preventer,4000,43.26364,-79.95176,12-104553-00 PPP
2012-03,678 Main Street East,,Hamilton,Medical Offices,Backflow Preventer,3000,43.24832,-79.84321,12-104643-00 PPP
2012-02,330 Main Street East,,Hamilton,Nursing Homes,Alteration,258000,43.25178,-79.85687,12-100468-00 G3
2012-02,604 Highway No. 8,,Stoney Creek,Dental Offices,Backflow Preventer,3100,43.21372,-79.70733,12-101072-00 PPP
2012-02,684 Main Street East,,Hamilton,Dental Offices,Backflow Preventer,2597,43.2482,-79.84273,12-101076-00 PPP
2012-02,259 Highway No. 8,,Stoney Creek,Medical Offices,Alteration,60000,43.22165,-79.73473,12-101160-00 C3
2012-02,82 King Street West,,Stoney Creek,Dental Offices,Backflow Preventer,2500,43.21888,-79.76546,12-101338-00 PPP
2012-02,500 Bendamere Avenue,,Hamilton,Laboratory - Industrial,Backflow Preventer,9500,43.23838,-79.90583,12-102084-00 PPP
2012-02,49 East Avenue South,,Hamilton,Dental Offices,Backflow Preventer,2500,43.25128,-79.85586,12-102172-00 PPP
2012-02,529 Concession Street,,Hamilton,Dental Offices,Backflow Preventer,2500,43.24134,-79.85291,12-102181-00 PPP
2012-01,450 Concession Street,,Hamilton,Laboratory - Commercial,Alteration,,43.24193,-79.85662,11-104593-01 C3
2012-01,391 Concession Street,,Hamilton,Medical Offices,Backflow Preventer,1850,43.2428,-79.8585,11-120042-00 PPP
2012-01,370 Main Street East,,Hamilton,Medical Offices,Alteration,300000,43.25137,-79.85521,11-120479-00 C3
2012-01,2800 Library Lane,,Glanbrook,Nursing Homes,Backflow Preventer,3000,43.12237,-79.80218,11-121805-00 PPP
2012-01,460 Main Street East,,Hamilton,Medical Offices,Backflow Preventer,3000,43.25044,-79.85194,11-122084-00 PPP
2012-01,101 Creighton Road,,Dundas,Nursing Homes,Backflow Preventer,5000,43.2611,-79.968,11-122769-00 PPP
2012-01,3015 Binbrook Road,,Glanbrook,Medical Offices,Tenant Improve,55700,43.12078,-79.80519,11-122861-00 C3
2012-01,1392 Main Street East,,Hamilton,Dental Offices,Backflow Preventer,1400,43.2403,-79.81029,11-122962-00 PPP
2012-01,1307 Highway No. 8,,Stoney Creek,Medical Offices,Backflow Preventer,2500,43.20786,-79.64812,11-123399-00 PPP
2012-01,841 Upper Wentworth Street,,Hamilton,Dental Offices,Backflow Preventer,1977,43.22202,-79.86179,12-100404-00 PPP
2012-01,71 Emerald Street South,,Hamilton,Dental Offices,Backflow Preventer,3500,43.25051,-79.85484,12-101181-00 PPP
2012-01,17 Queen Street South,,Hamilton,Dental Offices,Backflow Preventer,,43.25871,-79.87862,12-101319-00 PPP
2012-01,340 York Boulevard,,Hamilton,Dental Offices,Backflow Preventer,3000,43.26407,-79.87858,12-102253-00 PPP
2011-12,3200 Regional Road 56,,Glanbrook,Dental Offices,Alteration,200000,43.11529,-79.80745,11-118664-00 C3
2011-12,460 Main Street East,,Hamilton,Dental Offices,Backflow Preventer,3000,43.25044,-79.85194,11-121227-00 PPP
2011-12,1770 King Street East,,Hamilton,Medical Offices,Backflow Preventer,2000,43.23217,-79.81218,11-122827-00 PPP
2011-11,2668 Binbrook Road,,Glanbrook,Medical Offices,Alteration,60000,43.1209,-79.80388,11-115339-00 C3
2011-11,175 Longwood Road South,,Hamilton,Laboratory - Commercial,Alteration,41600,43.25689,-79.9009,11-117882-00 C3
2011-11,201 Wilson Street East,,Ancaster,Dental Offices,Backflow Preventer,2500,43.22308,-79.97989,11-120385-00 PPP
2011-11,17 Queen Street South,,Hamilton,Dental Offices,Backflow Preventer,2000,43.25871,-79.87862,11-120992-00 PPP
2011-11,1361 Main Street East,,Hamilton,Dental Offices,Backflow Preventer,2000,43.24105,-79.81154,11-121489-00 PPP
2011-11,1 Hayden Street,,Hamilton,Dental Offices,Backflow Preventer,2000,43.22789,-79.87902,11-121492-00 PPP
2011-11,206 Main Street West,,Hamilton,Dental Offices,Backflow Preventer,2000,43.25774,-79.87833,11-121494-00 PPP
2011-11,366 Main Street East,,Hamilton,Dental Offices,Backflow Preventer,2700,43.25142,-79.85544,11-121496-00 PPP
2011-11,870 King Street West,,Hamilton,Dental Offices,Backflow Preventer,4000,43.26315,-79.90021,11-121599-00 PPP
2011-11,723 Rymal Road West,,Hamilton,Medical Offices,Backflow Preventer,4250,43.20988,-79.92658,11-121600-00 PPP
2011-10,183 Longwood Road South,,Hamilton,Laboratory - Industrial,Alteration,17000,43.25601,-79.9011,11-107102-00 I3
2011-10,105 King Street West,,Dundas,Medical Offices,Tenant Improve,70000,43.26685,-79.95805,11-116620-00 C3
2011-10,280 Queenston Road,,Hamilton,Medical Offices,Tenant Improve,132300,43.234,-79.7923,11-118404-00 C3
2011-10,288 Dundas Street East,,Flamborough,Dental Offices,Alteration,1600,43.33165,-79.89434,11-119077-00 C9
2011-10,288 Dundas Street East,,Flamborough,Dental Offices,Alteration,1600,43.33165,-79.89434,11-119078-00 C9
2011-10,841 Upper Wentworth Street,,Hamilton,Dental Offices,Backflow Preventer,2800,43.22202,-79.86179,11-119505-00 PPP
2011-10,980 Queenston Road,,Stoney Creek,Medical Offices,Backflow Preventer,3142,43.2242,-79.74954,11-119728-00 PPP
2011-10,636 Upper James Street,,Hamilton,Dental Offices,Backflow Preventer,2270,43.23743,-79.87824,11-119768-00 PPP
2011-10,637 Upper James Street,,Hamilton,Dental Offices,Backflow Preventer,2700,43.23835,-79.87715,11-120045-00 PPP
2011-09,175 Longwood Road South,,Hamilton,Laboratory - Commercial,Alteration,350000,43.25689,-79.9009,11-113418-00 C3
2011-09,175 Longwood Road South,,Hamilton,Laboratory - Commercial,Alteration,80000,43.25689,-79.9009,11-115065-00 C3
2011-09,17 Dundurn Street South,,Hamilton,Dental Offices,Alteration,2000,43.26161,-79.88779,11-117828-00 C3
2011-08,1 Young Street,,Hamilton,Dental Offices,Alteration,80000,43.25137,-79.87101,11-108379-00 C3
2011-08,35 Hatt Street,,Dundas,Medical Offices,Addition (NR),30000,43.26535,-79.95617,11-112207-00 C9
2011-08,2 Castlewood Boulevard,,Dundas,Dental Offices,Alteration,2650,43.25873,-79.97911,11-113532-00 C3
2011-08,360 Highway No. 8,,Stoney Creek,Medical Offices,Alteration,1385,43.2187,-79.72696,11-113535-00 C3
2011-08,183 Longwood Road South,,Hamilton,Laboratory - Industrial,Alteration,4000,43.25601,-79.9011,11-114000-00 I3
2011-07,450 Concession Street,,Hamilton,Laboratory - Commercial,Alteration,100000,43.24193,-79.85662,11-104593-00 C3
2011-06,400 Highway No. 6,,Flamborough,Laboratory - Industrial,Alteration,150000,43.30959,-79.91294,11-104816-00 I3
2011-06,175 Longwood Road South,,Hamilton,Laboratory - Commercial,Alteration,750000,43.25689,-79.9009,11-105412-00 C3
2011-06,555 Sanatorium Road,,Hamilton,Medical Offices,Alteration,30000,43.23924,-79.91578,11-109011-00 C3
2011-05,866 King Street West,,Hamilton,Medical Offices,Alteration,55000,43.26311,-79.90011,11-102735-00 C9
2011-05,1144 Wilson Street West,,Ancaster,Medical Offices,Alteration,9000,43.197,-80.01851,11-102942-00 C3
2011-03,690 Main Street West,,Hamilton,Medical Offices,Alteration,2321000,43.26019,-79.89818,11-102575-00 C3
2011-02,94 Dundas Street East,,Flamborough,Dental Offices,Alteration,100000,43.31811,-79.90991,10-206057-00 C3
2011-02,631 Queenston Road,,Hamilton,Medical Offices,Tenant Improve,40000,43.23102,-79.77504,11-100329-00 C3
2011-02,2247 Rymal Road East,,Stoney Creek,Dental Offices,Tenant Improve,150000,43.17479,-79.7797,11-101551-00 C3
2011-01,40 James Street South,,Hamilton,Medical Offices,Alteration,125000,43.25562,-79.86976,10-203149-00 C3
2011-01,690 Main Street West,,Hamilton,Medical Offices,Alteration,32800,43.26019,-79.89818,10-205804-00 C3
2011-01,410 Concession Street,,Hamilton,Dental Offices,Alteration,3200,43.24229,-79.85839,11-100214-00 C9
2011-01,40 James Street South,,Hamilton,Medical Offices,Alteration,30000,43.25562,-79.86976,11-100396-00 C3
2010-11,297 Highway No. 8,,Stoney Creek,Dental Offices,Tenant Improve,150000,43.22087,-79.73179,10-200446-00 C9
2010-11,282 Fennell Avenue West,,Hamilton,Laboratory - Industrial,Alteration,20000,43.24111,-79.89009,10-201528-00 I3
2010-11,1513 Main Street East,,Hamilton,Medical Offices,Alteration,20000,43.23935,-79.80479,10-202998-00 C9
2010-10,701 Upper Sherman Avenue,,Hamilton,Nursing Homes,Alteration,80000,43.22605,-79.84947,10-198120-00 G3
2010-10,247 Centennial Parkway North,,Hamilton,Medical Offices,Alteration,100000,43.23776,-79.76137,10-201544-00 C3
2010-09,690 Main Street West,,Hamilton,Medical Offices,Alteration,2321000,43.26019,-79.89818,10-193784-00 C3
2010-08,360 Main Street East,,Hamilton,Medical Offices,Addition (NR),300000,43.2515,-79.85575,10-194760-00 C9
2010-07,1142 Wilson Street West,,Ancaster,Dental Offices,Tenant Improve,60000,43.19694,-80.01796,10-193134-00 C3
2010-02,2247 Rymal Road East,,Stoney Creek,Medical Offices,Tenant Improve,50000,43.17479,-79.7797,10-182117-00 C3
2010-02,180 James Street South,,Hamilton,Medical Offices,Tenant Improve,15000,43.25139,-79.8717,10-182278-00 C3
