permit_date,address,permit_number,description,value_of_work,full_text,source_url2026-08-27,202 - 4555 KINGSWAY,BLD26-01044,(Unit 202) NOVA RESTORE WELLNESS- Interior alterations and finishing for massage therapy tenant,"$5,000.00","BLD26-01044 Building Permit $5,000.00
PLAN: LMP33681 Group 1, (Commercial) 0
2794-4560 5665-5995 5685- Alteration
5970.
CD
Applicant Name
MELODY SIN
Contractor Name Contractor Address
C I T CONSTRUCTION LIMITED 6 - 3574 49TH AVE EVANCOUVER, BC V5S 1M4
Description
(Unit 202) NOVA RESTORE WELLNESS- Interior alterations and finishing for massage therapy tenant",https://www.burnaby.ca/sites/default/files/acquiadam/2026-08/August-27-2026.pdf
2026-08-27,202 - 4555 KINGSWAY,BLD26-01044,(Unit 202) NOVA RESTORE WELLNESS- Interior alterations and finishing for massage therapy tenant,"$5,000.00","BLD26-01044 Building Permit $5,000.00
PLAN: LMP33681 Group 1, (Commercial) 0
2794-4560 5665-5995 5685- Alteration
5970.
CD
Applicant Name
MELODY SIN
Contractor Name Contractor Address
C I T CONSTRUCTION LIMITED 6 - 3574 49TH AVE EVANCOUVER, BC V5S 1M4
Description
(Unit 202) NOVA RESTORE WELLNESS- Interior alterations and finishing for massage therapy tenant",https://www.burnaby.ca/sites/default/files/acquiadam/2026-08/August-27-2026.pdf
2026-09-10,7865 EDMONDS ST,BLD25-01620,"THE BIG PLAYHOUSE - Change of use, interior and exterior alterations for new daycare and autism clinic (per Fraser","$450,000.00","BLD25-01620 Building Permit $450,000.00
PLAN: NWP71584 Parcel A, (Commercial) 0
Group 1. Alteration
C4
Applicant Name
VIPUL CHAUHAN
Contractor Name Contractor Address
1058085 BC LTD 10695 AINTREE PL RICHMOND, BC V7A 3H1
Description
THE BIG PLAYHOUSE - Change of use, interior and exterior alterations for new daycare and autism clinic (per Fraser
Health drawings- Daycare: 48 children under 36 months, 50 children 30 months to school age + 18 staff, Autism Clinic
max 20 persons)
Site Address Legal D",https://www.burnaby.ca/sites/default/files/acquiadam/2026-09/September-10-2026.pdf
2026-09-10,103 - 9055 UNIVERSITY,BLD26-01160,FYIdoctors CAMPUS VISION EYE CARE EYEWARE - 1 illuminated fascia sign and 1 illuminated blade sign,"$8,000.00","BLD26-01160 Building Permit $8,000.00
HIGH ST PLAN: BCP45523 (Commercial) 0
CD Other
Applicant Name
RYAN MATTHEWS
Contractor Name Contractor Address
STACEY MCCULLOCH 201 - 2984 NORLAND AVE BURNABY, BC V5B 3A6
Description
FYIdoctors CAMPUS VISION EYE CARE EYEWARE - 1 illuminated fascia sign and 1 illuminated blade sign
Site Address Legal Description Permit Permit Category Value of Work
Current / Underlying Zone Number Type of Change Number of Units
138 - 7155 KINGSWAY LOT: F DISTRICT LOT: 95",https://www.burnaby.ca/sites/default/files/acquiadam/2026-09/September-10-2026.pdf
2026-09-17,4539 HASTINGS ST,BLD26-01193,Tailored Health Chiropractic - 1 non-illuminated fascia sign,"$1,000.00","BLD26-01193 Building Permit $1,000.00
LOT: 122 PLAN: NWP1308 (Commercial) 0
Group 1. Other
C1
Applicant Name
S I I SIGNS INSTALLED INC.
Contractor Name Contractor Address
S I I SIGNS INSTALLED INC. 7891 164 ST SURREY, BC V4N 0M6
Description
Tailored Health Chiropractic - 1 non-illuminated fascia sign",https://www.burnaby.ca/sites/default/files/acquiadam/2026-09/September-17-2026.pdf
2026-09-17,5175 KINGSWAY,BLD26-01198,NUVIA CHILDCARE CENTRE - 1 illuminated sign box,"$3,000.00","BLD26-01198 Building Permit $3,000.00
PLAN: NWP63325 Parcel 79, (Commercial) 0
Group 1, REF PL. Other
C1
Applicant Name
ONKAR SINGH
Contractor Name Contractor Address
PREMIUM SIGNS & WRAPS #306 13060 - 80 AVE SURREY, BC V3W 3B2
Description
NUVIA CHILDCARE CENTRE - 1 illuminated sign box
Site Address Legal Description Permit Permit Category Value of Work
Current / Underlying Zone Number Type of Change Number of Units
7275 CANADA WAY LOT: 76 DISTRICT LOT: 30",https://www.burnaby.ca/sites/default/files/acquiadam/2026-09/September-17-2026.pdf
